"","datemid","vislessthan1000_sta_utc","vislessthan1000_end_utc","vislessthan1000_sta_utc_fog","vislessthan1000_end_utc_fog","vislessthan2500_sta_utc","vislessthan2500_end_utc","vislessthan2500_sta_utc_fog","vislessthan2500_end_utc_fog","Temp_03pm","Temp_06pm","Temp_12am","Temp_03am","Temp_06am","Dwpt_03pm","Dwpt_06pm","Dwpt_12am","Dwpt_03am","Dwpt_06am","vismin_time_utc","vismin_dwpt","vismin_temp","fogprwx","rainday","vislessthan1000_sta_utc_time","vislessthan1000_end_utc_time","vislessthan1000_sta_utc_fog_time","vislessthan1000_end_utc_fog_time","vislessthan2500_sta_utc_time","vislessthan2500_end_utc_time","vislessthan2500_sta_utc_fog_time","vislessthan2500_end_utc_fog_time"
"1","2000-04-02",NA,NA,NA,NA,NA,NA,NA,NA,26.1,24.6,22.8,20.4,20,19.6,18.3,20.3,19.6,19.4,2000-04-02 20:00:00,20,19.4,1,0,NA,NA,NA,NA,NA,NA,NA,NA
"2","2000-04-15",NA,NA,NA,NA,NA,NA,NA,NA,26,22.7,18.9,17,16.9,14.5,18,17.6,16.4,16.6,2000-04-15 19:00:00,17.2,16.8,1,0,NA,NA,NA,NA,NA,NA,NA,NA
"3","2000-05-04",NA,NA,NA,NA,NA,NA,NA,NA,24.9,22.6,20,18.4,18.2,18.6,19,18.9,17.8,17.9,2000-05-04 20:00:00,18.2,17.9,1,1,NA,NA,NA,NA,NA,NA,NA,NA
"4","2000-05-13",NA,NA,NA,NA,2000-05-13 15:30:00,2000-05-13 15:30:00,NA,NA,23.6,19.2,16,13.9,12.2,13.1,15.7,15,13.3,12,2000-05-13 19:00:00,12.3,12.2,1,0,NA,NA,NA,NA,"15:30","15:30",NA,NA
"5","2000-05-24",2000-05-24 18:30:00,2000-05-24 22:30:00,2000-05-24 18:30:00,2000-05-24 22:30:00,2000-05-24 03:54:00,2000-05-24 23:30:00,2000-05-24 18:30:00,2000-05-24 23:30:00,17.2,17.8,17.9,16.3,16.1,16.4,17.4,16.6,15.8,16,2000-05-24 21:00:00,16.3,16,1,1,"18:30","22:30","18:30","22:30","03:54","23:30","18:30","23:30"
"6","2000-05-26",2000-05-26 16:30:00,2000-05-26 16:30:00,NA,NA,2000-05-26 16:30:00,2000-05-26 16:30:00,NA,NA,22.2,20.9,19,17.4,17.8,17.7,18.3,18.3,17.1,16.7,2000-05-26 17:00:00,17.4,17.1,1,1,"16:30","16:30",NA,NA,"16:30","16:30",NA,NA
"7","2000-06-20",2000-06-20 16:00:00,2000-06-20 16:00:00,2000-06-20 16:00:00,2000-06-20 16:00:00,2000-06-20 16:00:00,2000-06-20 20:39:00,2000-06-20 16:00:00,2000-06-20 20:39:00,20.5,16.6,16.3,14.5,15.1,16.2,15.6,16,14.1,14.8,2000-06-20 16:00:00,14.3,14,1,1,"16:00","16:00","16:00","16:00","16:00","20:39","16:00","20:39"
"8","2000-06-21",NA,NA,NA,NA,NA,NA,NA,NA,21.3,17.4,14.7,10.7,10.7,16.3,16.6,14.2,10.5,10.5,2000-06-21 20:30:00,10.4,10.1,1,1,NA,NA,NA,NA,NA,NA,NA,NA
"9","2000-06-27",2000-06-27 13:00:00,2000-06-27 23:00:00,2000-06-27 16:30:00,2000-06-27 23:00:00,2000-06-27 13:00:00,2000-06-27 23:00:00,2000-06-27 16:30:00,2000-06-27 23:00:00,17.5,15.8,11,9.9,9.1,13.9,13.7,10.7,9.7,8.9,2000-06-27 22:30:00,12.2,12,1,1,"13:00","23:00","16:30","23:00","13:00","23:00","16:30","23:00"
"10","2000-06-28",NA,NA,NA,NA,2000-06-28 18:00:00,2000-06-28 18:00:00,NA,NA,19.6,17,13.3,11,12,13.7,14.6,12.4,10.6,11.5,2000-06-28 17:00:00,11,10.6,1,1,NA,NA,NA,NA,"18:00","18:00",NA,NA
"11","2000-07-09",NA,NA,NA,NA,NA,NA,NA,NA,19.7,17,13.6,13.2,11,12.4,14.1,12.9,12.7,10.8,2000-07-09 21:00:00,11.2,11,1,1,NA,NA,NA,NA,NA,NA,NA,NA
"12","2000-07-18",NA,NA,NA,NA,NA,NA,NA,NA,21,17.4,10.1,9.6,7.9,10.2,12.4,9,9,7.5,2000-07-18 20:00:00,7.9,7.5,1,0,NA,NA,NA,NA,NA,NA,NA,NA
"13","2000-07-24",NA,NA,2000-07-24 17:00:00,2000-07-24 17:52:00,NA,NA,2000-07-24 16:30:00,2000-07-24 17:52:00,20.3,17.2,12.9,9.7,8.2,10.3,14.4,12,9.3,8,2000-07-24 17:52:00,9.6,9.2,1,NA,NA,NA,"17:00","17:52",NA,NA,"16:30","17:52"
"14","2000-07-27",NA,NA,NA,NA,NA,NA,NA,NA,10.2,9.6,4.6,4.2,3.7,8.6,7.8,4,3.3,1.1,2000-07-27 13:00:00,5.4,5.2,1,1,NA,NA,NA,NA,NA,NA,NA,NA
"15","2000-08-07",NA,NA,NA,NA,NA,NA,NA,NA,19.1,16.2,13,13.1,11,11.6,13.5,12.5,12.5,10.7,2000-08-07 13:30:00,14.3,13.6,1,1,NA,NA,NA,NA,NA,NA,NA,NA
"16","2000-08-08",NA,NA,NA,NA,NA,NA,NA,NA,19,17.2,13,13.6,12.3,14.1,15.2,12.8,13.1,11.8,2000-08-08 15:00:00,12.8,12.6,1,1,NA,NA,NA,NA,NA,NA,NA,NA
"17","2000-08-09",2000-08-09 16:00:00,2000-08-09 21:00:00,2000-08-09 16:00:00,2000-08-09 21:00:00,2000-08-09 16:00:00,2000-08-09 21:00:00,2000-08-09 16:00:00,2000-08-09 21:00:00,20.9,18.5,14.2,11.8,14.5,15.5,16.5,13.9,11.5,14.4,2000-08-09 17:30:00,13,12.7,1,1,"16:00","21:00","16:00","21:00","16:00","21:00","16:00","21:00"
"18","2000-08-10",NA,NA,NA,NA,NA,NA,NA,NA,22.8,17.5,10.9,7.9,5.5,12.9,15.3,10.5,6.8,4.1,2000-08-10 13:30:00,10.8,10.6,1,1,NA,NA,NA,NA,NA,NA,NA,NA
"19","2000-08-13",NA,NA,NA,NA,NA,NA,NA,NA,19.7,17.2,14,14,12.2,7.3,10.2,13.7,13.5,11.9,2000-08-13 20:30:00,12.2,11.8,1,1,NA,NA,NA,NA,NA,NA,NA,NA
"20","2000-08-19",NA,NA,NA,NA,NA,NA,2000-08-19 19:53:00,2000-08-19 20:00:00,19.9,15.8,11.5,11,10.3,11.1,11.8,10.8,10.4,9.7,2000-08-19 19:53:00,9.7,9.7,1,NA,NA,NA,NA,NA,NA,NA,"19:53","20:00"
"21","2000-08-31",NA,NA,NA,NA,NA,NA,NA,NA,22,17.7,10.2,8.1,5.8,7.1,12.7,8.4,7.1,5.4,2000-08-31 18:00:00,8.9,7.8,1,0,NA,NA,NA,NA,NA,NA,NA,NA
"22","2000-09-04",NA,NA,NA,NA,NA,NA,NA,NA,22.3,18.2,12.6,9.3,9.1,6.9,13.2,11.7,8.5,7.7,2000-09-04 15:00:00,10.8,10,1,0,NA,NA,NA,NA,NA,NA,NA,NA
"23","2000-09-05",2000-09-05 18:00:00,2000-09-05 22:45:00,2000-09-05 18:00:00,2000-09-05 22:45:00,2000-09-05 18:00:00,2000-09-05 22:45:00,2000-09-05 18:00:00,2000-09-05 22:45:00,22.8,19.4,13.9,11.3,10.1,13.1,16.3,12.8,11.1,10.1,2000-09-05 20:00:00,10.1,10.1,1,0,"18:00","22:45","18:00","22:45","18:00","22:45","18:00","22:45"
"24","2000-09-11",NA,NA,NA,NA,NA,NA,NA,NA,21.4,18.9,13.7,9.6,9,12,13.5,12.5,9.4,8.6,2000-09-11 14:30:00,12.9,11.6,1,0,NA,NA,NA,NA,NA,NA,NA,NA
"25","2000-09-18",NA,NA,NA,NA,NA,NA,NA,NA,22.8,19.3,18.2,14,13.5,15.1,15.4,15.5,13.3,13,2000-09-18 17:21:00,13,12.4,1,0,NA,NA,NA,NA,NA,NA,NA,NA
"26","2000-09-19",NA,NA,NA,NA,NA,NA,NA,NA,21.2,19.7,18.3,14.8,14.3,16.1,16.5,16,14.3,13.7,2000-09-19 17:00:00,14.8,14.3,1,0,NA,NA,NA,NA,NA,NA,NA,NA
"27","2000-09-20",NA,NA,NA,NA,NA,NA,NA,NA,22.4,19.6,16.4,15.1,13,15.2,15.8,14.5,13.9,12.3,2000-09-20 19:00:00,12.7,12,1,0,NA,NA,NA,NA,NA,NA,NA,NA
"28","2000-09-22",NA,NA,NA,NA,NA,NA,NA,NA,22.4,19.6,16.2,15.1,12.7,14.8,16,15.3,14.1,12.1,2000-09-22 19:30:00,13.6,12.9,1,0,NA,NA,NA,NA,NA,NA,NA,NA
"29","2000-09-23",NA,NA,NA,NA,NA,NA,NA,NA,23,20.2,15.7,13.2,12.4,16.2,16.9,14.2,12.7,11.9,2000-09-23 19:30:00,12.4,12.2,1,0,NA,NA,NA,NA,NA,NA,NA,NA
"30","2000-10-25",NA,NA,NA,NA,NA,NA,NA,NA,23.6,22.3,19,17.2,18,17.5,17.7,17,16.6,17.3,2000-10-25 16:30:00,17.6,16.6,1,1,NA,NA,NA,NA,NA,NA,NA,NA
"31","2000-10-27",NA,NA,2000-10-27 16:00:00,2000-10-27 19:30:00,NA,NA,2000-10-27 16:00:00,2000-10-27 19:30:00,25.8,22.2,18.4,14.9,16.4,17.2,18.4,17.6,14.7,16.1,2000-10-27 19:30:00,14.7,14.7,1,1,NA,NA,"16:00","19:30",NA,NA,"16:00","19:30"
"32","2000-11-03",NA,NA,NA,NA,NA,NA,NA,NA,23.9,21.2,16.1,16.3,17.4,16,15.1,15.6,15.7,16.5,2000-11-03 15:30:00,15.7,15.4,1,NA,NA,NA,NA,NA,NA,NA,NA,NA
"33","2000-11-28",NA,NA,NA,NA,NA,NA,NA,NA,27.2,23.8,19.9,17.8,19,16.4,16.7,17.9,17,17.4,2000-11-28 17:30:00,17.7,16.2,1,0,NA,NA,NA,NA,NA,NA,NA,NA
"34","2001-02-26",NA,NA,NA,NA,NA,NA,NA,NA,28.9,26.1,22.8,20.8,20.4,18,20.2,20.8,19.7,19.6,2001-02-26 19:35:00,20.4,19.7,1,0,NA,NA,NA,NA,NA,NA,NA,NA
"35","2001-03-24",NA,NA,NA,NA,NA,NA,NA,NA,28.9,26.8,25.7,25.6,24,23.3,23.3,24.1,24.3,23.7,2001-03-24 19:00:00,24,23.3,1,0,NA,NA,NA,NA,NA,NA,NA,NA
"36","2001-04-21",2001-04-21 20:30:00,2001-04-21 20:30:00,2001-04-21 20:30:00,2001-04-21 20:30:00,2001-04-21 20:30:00,2001-04-21 20:30:00,2001-04-21 20:30:00,2001-04-21 20:30:00,23.7,22.2,21.1,19.3,18.2,19.1,17.3,19.4,18.8,17.9,2001-04-21 20:30:00,18.2,17.9,1,1,"20:30","20:30","20:30","20:30","20:30","20:30","20:30","20:30"
"37","2001-04-25",2001-04-25 20:00:00,2001-04-25 21:00:00,2001-04-25 20:00:00,2001-04-25 21:00:00,2001-04-25 20:00:00,2001-04-25 21:00:00,2001-04-25 20:00:00,2001-04-25 21:00:00,26.2,22.7,20.5,20.5,19.6,18.2,20.1,19.6,19.9,19.3,2001-04-25 21:00:00,20,19.5,1,1,"20:00","21:00","20:00","21:00","20:00","21:00","20:00","21:00"
"38","2001-04-27",NA,NA,NA,NA,NA,NA,NA,NA,25.9,22.4,20.2,19.6,17.6,19.7,19.4,19.4,19.1,16.6,2001-04-27 15:00:00,19.8,19,1,1,NA,NA,NA,NA,NA,NA,NA,NA
"39","2001-05-10",NA,NA,NA,NA,NA,NA,NA,NA,23,20.8,19.1,15.1,13.3,14.5,14.7,13.1,14.2,12.9,2001-05-10 20:00:00,13.3,12.9,1,0,NA,NA,NA,NA,NA,NA,NA,NA
"40","2001-05-17",2001-05-17 20:49:00,2001-05-17 22:00:00,2001-05-17 20:49:00,2001-05-17 22:00:00,2001-05-17 20:30:00,2001-05-17 22:09:00,2001-05-17 20:30:00,2001-05-17 22:00:00,24.6,22.1,16.6,17.3,16.1,18,20.1,16.1,16.9,15.7,2001-05-17 21:00:00,15.4,15.3,1,NA,"20:49","22:00","20:49","22:00","20:30","22:09","20:30","22:00"
"41","2001-05-23",NA,NA,NA,NA,NA,NA,NA,NA,20.2,17.3,13.3,11.6,11.1,14.8,15.2,13,11.2,11.1,2001-05-23 20:30:00,10.5,10.5,1,1,NA,NA,NA,NA,NA,NA,NA,NA
"42","2001-05-26",NA,NA,NA,NA,NA,NA,NA,NA,20.8,15,9.2,7.8,6.6,7.7,11.2,7.1,6.9,5.6,2001-05-26 20:30:00,5.6,5,1,1,NA,NA,NA,NA,NA,NA,NA,NA
"43","2001-06-02",NA,NA,NA,NA,NA,NA,NA,NA,21.2,18,14.2,14.7,13.7,14.3,15.5,13.5,14,13.1,2001-06-02 15:00:00,13.4,12.9,1,0,NA,NA,NA,NA,NA,NA,NA,NA
"44","2001-06-07",NA,NA,NA,NA,2001-06-07 20:00:00,2001-06-07 20:00:00,2001-06-07 20:00:00,2001-06-07 20:00:00,21.6,19.1,15.6,16.2,14.3,16.3,15.8,15.3,16,14.2,2001-06-07 20:00:00,14.3,14.2,1,1,NA,NA,NA,NA,"20:00","20:00","20:00","20:00"
"45","2001-06-08",NA,NA,2001-06-08 18:47:00,2001-06-08 20:30:00,NA,NA,2001-06-08 18:47:00,2001-06-08 20:30:00,22.2,20.1,16.9,14.7,13.8,15.3,17,16,14.2,13.6,2001-06-08 20:30:00,14.1,13.9,1,1,NA,NA,"18:47","20:30",NA,NA,"18:47","20:30"
"46","2001-06-19",NA,NA,NA,NA,NA,NA,NA,NA,20.4,17.6,11.7,12.4,11.2,12,13.1,11.4,11.7,10.7,2001-06-19 13:30:00,12.5,12.1,1,0,NA,NA,NA,NA,NA,NA,NA,NA
"47","2001-06-24",NA,NA,NA,NA,NA,NA,NA,NA,21,16.5,11.6,11.4,9.8,13.3,14.6,11.1,11,9.6,2001-06-24 20:44:00,10.7,10.5,1,0,NA,NA,NA,NA,NA,NA,NA,NA
"48","2001-07-12",NA,NA,NA,NA,NA,NA,NA,NA,19.8,16.5,10.7,11,11,11,13.7,10.2,10.6,10.6,2001-07-12 11:30:00,12.6,12,1,1,NA,NA,NA,NA,NA,NA,NA,NA
"49","2001-07-13",NA,NA,2001-07-13 15:37:00,2001-07-13 15:37:00,NA,NA,2001-07-13 15:30:00,2001-07-13 15:37:00,21.4,15.2,11.3,9.8,9.1,10.1,12.6,10.7,9.4,8.5,2001-07-13 15:37:00,9.2,9,1,1,NA,NA,"15:37","15:37",NA,NA,"15:30","15:37"
"50","2001-07-14",NA,NA,NA,NA,NA,NA,NA,NA,20.8,18.6,14.7,15.3,12.5,14,15.9,13.7,13.9,11.6,2001-07-14 20:30:00,11.8,11.1,1,0,NA,NA,NA,NA,NA,NA,NA,NA
"51","2001-07-31",NA,NA,NA,NA,NA,NA,NA,NA,20.3,17.8,12.7,10.1,9.4,11.8,12.8,11.4,9.9,8.6,2001-07-31 16:30:00,10.6,10,1,0,NA,NA,NA,NA,NA,NA,NA,NA
"52","2001-08-01",NA,NA,NA,NA,NA,NA,NA,NA,20.3,17.6,12,9.7,14.6,10.9,14.2,10.7,7.6,8,2001-08-01 13:00:00,12.8,12.3,1,0,NA,NA,NA,NA,NA,NA,NA,NA
"53","2001-08-05",NA,NA,NA,NA,NA,NA,NA,NA,21.1,17.8,15.9,11.4,10.5,12.2,14.3,13.5,11,9.6,2001-08-05 19:13:00,10,10,1,1,NA,NA,NA,NA,NA,NA,NA,NA
"54","2001-08-10",NA,NA,NA,NA,NA,NA,NA,NA,19.5,14.6,9.4,7.7,8.5,8.4,11.4,9,7.2,7.3,2001-08-10 11:00:00,12.3,11.2,1,0,NA,NA,NA,NA,NA,NA,NA,NA
"55","2001-08-11",NA,NA,NA,NA,NA,NA,NA,NA,19.8,NA,9.2,9,8.8,8,NA,8.4,8.2,7.7,2001-08-11 15:00:00,9,8.2,1,1,NA,NA,NA,NA,NA,NA,NA,NA
"56","2001-08-30",NA,NA,NA,NA,NA,NA,NA,NA,20.5,17.2,15,11,10.2,5.4,11.1,11.1,9.6,9.4,2001-08-30 20:00:00,10.2,9.4,1,0,NA,NA,NA,NA,NA,NA,NA,NA
"57","2001-08-31",NA,NA,NA,NA,NA,NA,NA,NA,20.1,16.6,12.5,10.7,NA,11.2,13.8,11.8,10.5,NA,2001-08-31 20:03:00,10.6,10.2,1,0,NA,NA,NA,NA,NA,NA,NA,NA
"58","2001-09-01",NA,NA,2001-09-01 18:45:00,2001-09-01 19:00:00,NA,NA,2001-09-01 18:30:00,2001-09-01 19:00:00,20.4,19.7,15.1,13.8,12.8,17.2,16.8,13.6,13.3,12.4,2001-09-01 18:45:00,12.8,12.6,1,1,NA,NA,"18:45","19:00",NA,NA,"18:30","19:00"
"59","2001-09-12",NA,NA,NA,NA,NA,NA,NA,NA,21.4,19.9,18.4,14.1,11.4,16.5,17.8,15.4,13.2,10.9,2001-09-12 19:30:00,12.6,11.7,1,1,NA,NA,NA,NA,NA,NA,NA,NA
"60","2001-09-14",NA,NA,NA,NA,NA,NA,NA,NA,22.7,19.1,17.3,17,15.3,15.5,17.1,16.3,15.3,14.1,2001-09-14 11:00:00,17.4,16.6,1,0,NA,NA,NA,NA,NA,NA,NA,NA
"61","2001-10-01",2001-10-01 02:30:00,2001-10-01 03:00:00,NA,NA,2001-10-01 02:30:00,2001-10-01 03:00:00,NA,NA,23.4,20,17.6,14.2,13.5,12.4,15.3,15,13.3,12.9,2001-10-01 18:00:00,14.3,13.6,1,0,"02:30","03:00",NA,NA,"02:30","03:00",NA,NA
"62","2001-10-05",NA,NA,NA,NA,NA,NA,NA,NA,23.4,20.5,17.9,14.7,14,12,14.7,15.6,13.8,13.3,2001-10-05 16:16:00,15.9,14.9,1,0,NA,NA,NA,NA,NA,NA,NA,NA
"63","2001-10-12",2001-10-12 18:00:00,2001-10-12 18:00:00,2001-10-12 18:00:00,2001-10-12 18:00:00,2001-10-12 17:45:00,2001-10-12 18:00:00,2001-10-12 17:45:00,2001-10-12 18:00:00,24.5,22.1,17.5,15.4,15.1,19,19.5,17.4,14.9,14.2,2001-10-12 18:00:00,13.9,13.6,1,1,"18:00","18:00","18:00","18:00","17:45","18:00","17:45","18:00"
"64","2001-10-18",NA,NA,NA,NA,NA,NA,NA,NA,24.3,21,17.3,14.3,14.4,14.2,16.8,16,14,14.4,2001-10-18 15:00:00,15.7,15,1,1,NA,NA,NA,NA,NA,NA,NA,NA
"65","2001-10-28",NA,NA,NA,NA,NA,NA,NA,NA,27.1,22.8,18.6,17,17.3,6.6,14.9,17.6,16.4,16.1,2001-10-28 17:00:00,17,16.4,1,0,NA,NA,NA,NA,NA,NA,NA,NA
"66","2001-10-30",NA,NA,NA,NA,NA,NA,NA,NA,32.1,33.3,18.5,17,17,12.9,-4.9,9.5,14.4,15.6,2001-10-30 18:30:00,15.4,14.2,1,0,NA,NA,NA,NA,NA,NA,NA,NA
"67","2001-11-11",2001-11-11 04:52:00,2001-11-11 18:30:00,2001-11-11 18:00:00,2001-11-11 18:30:00,2001-11-11 04:22:00,2001-11-11 19:00:00,2001-11-11 17:30:00,2001-11-11 19:00:00,22.1,19.9,19.6,18.3,19.7,22,17.5,18.5,17.9,19.1,2001-11-11 18:30:00,17.7,17.6,1,1,"04:52","18:30","18:00","18:30","04:22","19:00","17:30","19:00"
"68","2001-12-07",NA,NA,NA,NA,NA,NA,2001-12-07 17:30:00,2001-12-07 18:30:00,25.1,25.1,22.5,21.7,24.3,22.3,23.6,22.3,21.5,22.7,2001-12-07 18:30:00,21.2,21.1,1,NA,NA,NA,NA,NA,NA,NA,"17:30","18:30"
"69","2002-01-02",NA,NA,NA,NA,NA,NA,NA,NA,30.9,28.8,26.7,26.3,26.3,24.8,25.1,25.8,25.1,24.6,2002-01-02 19:00:00,25.2,24.5,1,0,NA,NA,NA,NA,NA,NA,NA,NA
"70","2002-03-17",NA,NA,NA,NA,NA,NA,NA,NA,29.1,25.8,22.5,20.6,19.5,21,21.3,21,19.8,18.9,2002-03-17 17:30:00,20.6,19.8,1,0,NA,NA,NA,NA,NA,NA,NA,NA
"71","2002-03-18",2002-03-18 19:53:00,2002-03-18 20:30:00,2002-03-18 19:53:00,2002-03-18 20:30:00,2002-03-18 19:53:00,2002-03-18 21:30:00,2002-03-18 19:53:00,2002-03-18 21:30:00,28.5,25.2,23.8,22.6,NA,21.9,22.2,22.3,21.2,NA,2002-03-18 20:21:00,18.7,18.4,1,0,"19:53","20:30","19:53","20:30","19:53","21:30","19:53","21:30"
"72","2002-03-19",NA,NA,NA,NA,NA,NA,NA,NA,27.4,25,23.9,19.7,20,20.7,20.4,20.1,18.7,19.1,2002-03-19 18:00:00,19.5,18.7,1,0,NA,NA,NA,NA,NA,NA,NA,NA
"73","2002-03-29",NA,NA,NA,NA,NA,NA,NA,NA,24.4,22,19,17.2,15.4,18.2,18.7,18.5,16.9,13.2,2002-03-29 15:30:00,18.1,17.8,1,1,NA,NA,NA,NA,NA,NA,NA,NA
"74","2002-04-18",NA,NA,NA,NA,NA,NA,NA,NA,28.6,22.6,19.6,17,15.2,14.1,20.8,19,15.6,12.4,2002-04-18 13:00:00,19.8,19.2,1,0,NA,NA,NA,NA,NA,NA,NA,NA
"75","2002-04-19",2002-04-19 16:30:00,2002-04-19 16:30:00,2002-04-19 16:30:00,2002-04-19 16:30:00,2002-04-19 16:30:00,2002-04-19 16:30:00,2002-04-19 16:30:00,2002-04-19 16:30:00,27.9,23.2,18.8,16.7,16.8,14.1,20.3,17.5,16.2,16.1,2002-04-19 16:30:00,16.5,16,1,0,"16:30","16:30","16:30","16:30","16:30","16:30","16:30","16:30"
"76","2002-05-15",NA,NA,NA,NA,NA,NA,NA,NA,23.6,18.8,14.8,13.1,12.4,15.3,16.8,14.3,12.7,12.3,2002-05-15 11:30:00,16.7,15.9,1,0,NA,NA,NA,NA,NA,NA,NA,NA
"77","2002-05-25",2002-05-25 13:24:00,2002-05-25 18:30:00,2002-05-25 13:24:00,2002-05-25 18:30:00,2002-05-25 13:24:00,2002-05-25 20:30:00,2002-05-25 13:24:00,2002-05-25 20:30:00,17.3,15.5,11.4,12.1,10.5,14.9,14.5,11.2,12.1,10.5,2002-05-25 13:30:00,11.3,11.3,1,1,"13:24","18:30","13:24","18:30","13:24","20:30","13:24","20:30"
"78","2002-05-29",NA,NA,NA,NA,NA,NA,2002-05-29 13:50:00,2002-05-29 13:50:00,17.6,15.6,10.2,10.4,8.1,15.3,14.8,10.2,9.2,6.6,2002-05-29 13:50:00,10.9,10.9,1,1,NA,NA,NA,NA,NA,NA,"13:50","13:50"
"79","2002-06-12",NA,NA,NA,NA,NA,NA,NA,NA,20.3,16.9,12.9,11,9.3,8.2,12.6,9.7,8.8,8.5,2002-06-12 20:23:00,9.4,8.2,1,0,NA,NA,NA,NA,NA,NA,NA,NA
"80","2002-06-15",NA,NA,NA,NA,NA,NA,NA,NA,22.1,19.8,17.9,17.2,14.4,16.5,17.7,16.9,16.7,14.1,2002-06-15 21:00:00,14.4,14.1,1,0,NA,NA,NA,NA,NA,NA,NA,NA
"81","2002-06-16",NA,NA,NA,NA,NA,NA,NA,NA,26.4,21.8,17.5,17,16.4,18.9,20,16,16.3,16.1,2002-06-16 19:00:00,16.7,16.2,1,NA,NA,NA,NA,NA,NA,NA,NA,NA
"82","2002-06-23",NA,NA,NA,NA,NA,NA,NA,NA,20.2,16.5,9.9,10,8.7,9.4,12.7,9.4,9,7.5,2002-06-23 10:46:00,14.3,13.2,1,1,NA,NA,NA,NA,NA,NA,NA,NA
"83","2002-07-08",NA,NA,NA,NA,NA,NA,NA,NA,19.9,13.7,9.9,7,6.7,9.5,11.1,8.5,6.3,5.8,2002-07-08 11:00:00,10.8,9.8,1,0,NA,NA,NA,NA,NA,NA,NA,NA
"84","2002-07-16",NA,NA,NA,NA,NA,NA,NA,NA,NA,14.9,9.6,8.7,7.7,NA,12.5,8.5,8.1,6.8,2002-07-16 19:00:00,8.3,7.3,1,0,NA,NA,NA,NA,NA,NA,NA,NA
"85","2002-07-20",2002-07-20 18:18:00,2002-07-20 20:30:00,2002-07-20 18:18:00,2002-07-20 20:30:00,2002-07-20 18:18:00,2002-07-20 20:48:00,2002-07-20 18:18:00,2002-07-20 20:48:00,19.6,14.5,10.4,7.8,8.8,12.1,11.7,10,7.4,8.6,2002-07-20 18:28:00,8,7.8,1,0,"18:18","20:30","18:18","20:30","18:18","20:48","18:18","20:48"
"86","2002-07-23",NA,NA,NA,NA,NA,NA,NA,NA,19.6,14,8.6,NA,5.8,9.1,12.2,7.8,NA,5.5,2002-07-23 09:00:00,12.8,12.1,1,0,NA,NA,NA,NA,NA,NA,NA,NA
"87","2002-08-01",NA,NA,NA,NA,2002-08-01 18:23:00,2002-08-01 18:23:00,2002-08-01 18:23:00,2002-08-01 18:23:00,21.1,17.1,12.1,11.4,11.4,11.6,14.3,11.6,11,10.8,2002-08-01 18:23:00,10.3,10.2,1,1,NA,NA,NA,NA,"18:23","18:23","18:23","18:23"
"88","2002-08-02",NA,NA,NA,NA,2002-08-02 17:30:00,2002-08-02 18:00:00,2002-08-02 17:30:00,2002-08-02 18:00:00,NA,17.5,14.2,11.3,9.5,NA,15,13.2,11.3,9.4,2002-08-02 17:30:00,10.7,10.5,1,1,NA,NA,NA,NA,"17:30","18:00","17:30","18:00"
"89","2002-08-06",NA,NA,NA,NA,NA,NA,NA,NA,21.3,16.6,11.8,9.2,8.6,11.1,13,10.9,7.5,4.3,2002-08-06 13:00:00,13.1,11.2,1,0,NA,NA,NA,NA,NA,NA,NA,NA
"90","2002-08-09",NA,NA,NA,NA,NA,NA,NA,NA,20.8,18,11,10.9,9.6,12.2,11.8,10,10.3,9.4,2002-08-09 20:12:00,10,9.4,1,1,NA,NA,NA,NA,NA,NA,NA,NA
"91","2002-08-22",2002-08-22 19:29:00,2002-08-22 20:41:00,2002-08-22 19:29:00,2002-08-22 20:41:00,2002-08-22 14:30:00,2002-08-22 20:41:00,2002-08-22 19:29:00,2002-08-22 20:41:00,17.6,16.1,15.8,14,14.4,16.9,15.4,15.5,13.9,14.2,2002-08-22 20:00:00,14.4,14.2,1,1,"19:29","20:41","19:29","20:41","14:30","20:41","19:29","20:41"
"92","2002-08-29",NA,NA,NA,NA,NA,NA,NA,NA,18.8,16.1,11.8,10.2,9.8,9.7,11.3,10.7,9.9,9.2,2002-08-29 20:00:00,9.8,9.2,1,0,NA,NA,NA,NA,NA,NA,NA,NA
"93","2002-09-02",NA,NA,NA,NA,NA,NA,NA,NA,22.2,18.5,14.5,13,12,13.4,14.8,13.5,12.6,11.7,2002-09-02 18:00:00,12.9,12.4,1,0,NA,NA,NA,NA,NA,NA,NA,NA
"94","2002-09-03",NA,NA,NA,NA,NA,NA,NA,NA,22,19.6,17,15.7,16.8,15.5,16.8,15.3,15,15.6,2002-09-03 17:00:00,15.7,15,1,0,NA,NA,NA,NA,NA,NA,NA,NA
"95","2002-09-04",NA,NA,NA,NA,NA,NA,NA,NA,23.7,20.2,18.1,16.4,14.9,17.4,17.5,15.6,15,14.2,2002-09-04 19:00:00,15.6,14.9,1,0,NA,NA,NA,NA,NA,NA,NA,NA
"96","2002-09-07",2002-09-07 14:00:00,2002-09-07 18:30:00,2002-09-07 14:00:00,2002-09-07 18:30:00,2002-09-07 06:21:00,2002-09-07 18:30:00,2002-09-07 14:00:00,2002-09-07 18:30:00,23.1,18.6,16.3,14.3,14.1,17.3,17.5,16,14.1,13.8,2002-09-07 17:00:00,14.3,14.1,1,1,"14:00","18:30","14:00","18:30","06:21","18:30","14:00","18:30"
"97","2002-09-08",NA,NA,NA,NA,NA,NA,NA,NA,23.3,19.5,14.2,12.7,12.4,11.5,14.1,13.2,12.3,11.9,2002-09-08 14:30:00,14.1,13.4,1,1,NA,NA,NA,NA,NA,NA,NA,NA
"98","2002-09-21",NA,NA,NA,NA,NA,NA,NA,NA,23.1,20.2,17.2,15.7,13.3,15.2,17.6,14.6,14.7,13,2002-09-21 17:30:00,15.2,14.7,1,0,NA,NA,NA,NA,NA,NA,NA,NA
"99","2002-09-22",NA,NA,NA,NA,2002-09-22 18:30:00,2002-09-22 18:30:00,2002-09-22 18:30:00,2002-09-22 18:30:00,23.9,20.7,18.2,15.7,17.6,17.2,18.3,17,15.3,17,2002-09-22 18:30:00,15.5,15.1,1,0,NA,NA,NA,NA,"18:30","18:30","18:30","18:30"
"100","2002-09-23",NA,NA,NA,NA,2002-09-23 05:22:00,2002-09-23 05:22:00,NA,NA,23.3,22.5,16,14.4,12.7,18.1,13.1,15,13.9,12.3,2002-09-23 20:00:00,12.7,12.3,1,1,NA,NA,NA,NA,"05:22","05:22",NA,NA
"101","2002-09-24",2002-09-24 17:57:00,2002-09-24 17:57:00,2002-09-24 17:57:00,2002-09-24 17:57:00,2002-09-24 17:57:00,2002-09-24 17:57:00,2002-09-24 17:57:00,2002-09-24 17:57:00,24.5,21.4,18.7,15.6,NA,16.4,19.7,18.4,15.4,NA,2002-09-24 17:57:00,14.2,13.9,1,1,"17:57","17:57","17:57","17:57","17:57","17:57","17:57","17:57"
"102","2002-10-14",NA,NA,NA,NA,NA,NA,NA,NA,24.4,22.8,19.3,15.5,13.4,20.4,19.1,3.3,2.5,6,2002-10-14 11:00:00,20.4,19.6,1,1,NA,NA,NA,NA,NA,NA,NA,NA
"103","2002-10-15",NA,NA,NA,NA,NA,NA,NA,NA,25.1,21.3,15.5,12.9,13.3,9.1,13.1,13.1,11.6,12.2,2002-10-15 15:30:00,15,13.4,1,1,NA,NA,NA,NA,NA,NA,NA,NA
"104","2002-10-19",NA,NA,2002-10-19 15:11:00,2002-10-19 19:00:00,NA,NA,2002-10-19 15:00:00,2002-10-19 19:00:00,26.2,23.8,21.5,NA,19,20.6,20.3,20.6,NA,18.6,2002-10-19 15:17:00,19.5,19.2,1,0,NA,NA,"15:11","19:00",NA,NA,"15:00","19:00"
"105","2002-11-12",NA,NA,NA,NA,NA,NA,NA,NA,26,23.5,21.2,18.7,20.4,17.4,17.9,18.2,17.4,18.6,2002-11-12 18:30:00,18.3,17.2,1,1,NA,NA,NA,NA,NA,NA,NA,NA
"106","2002-11-30",NA,NA,NA,NA,NA,NA,NA,NA,26.9,24.9,21.8,20.6,21.5,22.1,21.3,20.2,19.5,20.1,2002-11-30 19:00:00,20,19.4,1,1,NA,NA,NA,NA,NA,NA,NA,NA
"107","2002-12-05",NA,NA,NA,NA,NA,NA,NA,NA,31.9,27.5,19.5,18.3,20.5,15.1,21.7,18.9,15.5,13.4,2002-12-05 13:30:00,20.9,19.7,1,1,NA,NA,NA,NA,NA,NA,NA,NA
"108","2003-02-11",NA,NA,NA,NA,NA,NA,NA,NA,29,26,20.8,20.2,19.8,17.8,20.4,20.2,19.6,19.2,2003-02-11 15:30:00,20.5,19.9,1,NA,NA,NA,NA,NA,NA,NA,NA,NA
"109","2003-02-19",NA,NA,NA,NA,2003-02-19 06:21:00,2003-02-19 06:30:00,NA,NA,NA,23.1,23.1,22.6,22.3,NA,21.9,21.9,21.9,21.7,2003-02-19 19:30:00,22.5,22.1,1,NA,NA,NA,NA,NA,"06:21","06:30",NA,NA
"110","2003-03-20",NA,NA,NA,NA,NA,NA,NA,NA,25.3,23.9,21.4,19.7,18.9,20.6,20.4,19.7,18.9,18.1,2003-03-20 18:30:00,19.4,18.7,1,1,NA,NA,NA,NA,NA,NA,NA,NA
"111","2003-04-10",NA,NA,NA,NA,NA,NA,NA,NA,25.4,23.2,19.8,20,19.6,17.4,18.9,18.5,19.4,19,2003-04-10 15:30:00,20,19.4,1,1,NA,NA,NA,NA,NA,NA,NA,NA
"112","2003-04-27",NA,NA,NA,NA,2003-04-27 06:10:00,2003-04-27 06:13:00,NA,NA,23.4,20.3,19.6,19.4,19.3,19.7,19.3,19.3,19.1,19,2003-04-27 23:00:00,20.8,19.6,1,1,NA,NA,NA,NA,"06:10","06:13",NA,NA
"113","2003-04-28",NA,NA,2003-04-28 18:00:00,2003-04-28 18:30:00,NA,NA,2003-04-28 18:00:00,2003-04-28 18:30:00,25,22.1,20.3,19.2,19,20.3,20.2,19.7,18.9,18.8,2003-04-28 18:30:00,19.8,19.5,1,1,NA,NA,"18:00","18:30",NA,NA,"18:00","18:30"
"114","2003-06-01",NA,NA,NA,NA,NA,NA,NA,NA,20.8,18.4,14.9,16.1,15.3,15.9,16.8,14.4,15.6,15,2003-06-01 13:00:00,15.1,14.7,1,1,NA,NA,NA,NA,NA,NA,NA,NA
"115","2003-06-02",NA,NA,NA,NA,NA,NA,NA,NA,22.5,18.9,19,18.8,18.1,17.5,18.3,18.4,18.3,17.7,2003-06-02 17:20:00,18.6,18.1,1,1,NA,NA,NA,NA,NA,NA,NA,NA
"116","2003-06-03",2003-06-03 12:30:00,2003-06-03 12:30:00,NA,NA,2003-06-03 12:30:00,2003-06-03 16:00:00,NA,NA,22.5,20.4,17.8,17.8,17.6,19.2,18.5,17.2,17.3,17.3,2003-06-03 23:17:00,18.9,18.2,1,1,"12:30","12:30",NA,NA,"12:30","16:00",NA,NA
"117","2003-06-04",2003-06-04 17:00:00,2003-06-04 22:30:00,2003-06-04 17:00:00,2003-06-04 22:30:00,2003-06-04 16:00:00,2003-06-04 22:30:00,2003-06-04 16:00:00,2003-06-04 22:30:00,21,18.3,17.4,16.5,16.7,18.6,17.5,17.2,16.4,16.6,2003-06-04 17:00:00,16.5,16.4,1,1,"17:00","22:30","17:00","22:30","16:00","22:30","16:00","22:30"
"118","2003-06-13",NA,NA,NA,NA,2003-06-13 17:49:00,2003-06-13 19:30:00,2003-06-13 17:49:00,2003-06-13 19:30:00,22,16.6,14,11.8,11.6,13.9,14.8,12.9,11.2,11.3,2003-06-13 17:49:00,11.4,10.9,1,1,NA,NA,NA,NA,"17:49","19:30","17:49","19:30"
"119","2003-06-20",NA,NA,NA,NA,NA,NA,NA,NA,19.8,17.1,13.2,14.6,14,15.9,15.4,12.8,14,13.5,2003-06-20 20:30:00,13.8,13.4,1,0,NA,NA,NA,NA,NA,NA,NA,NA
"120","2003-07-01",NA,NA,NA,NA,NA,NA,NA,NA,17,15.2,11.9,12.2,12.1,9.5,10.1,11,11.6,11.6,2003-07-01 21:00:00,12.2,11.6,1,1,NA,NA,NA,NA,NA,NA,NA,NA
"121","2003-07-06",NA,NA,NA,NA,NA,NA,NA,NA,16.7,14.3,12.2,10.8,10.3,13.3,12.7,11.5,10.4,9.7,2003-07-06 16:00:00,12.6,11.9,1,0,NA,NA,NA,NA,NA,NA,NA,NA
"122","2003-07-12",NA,NA,NA,NA,NA,NA,NA,NA,20.7,16.6,16.3,15.5,15.2,12.9,15.1,15.5,14.8,14.7,2003-07-12 20:22:00,15.1,14.6,1,1,NA,NA,NA,NA,NA,NA,NA,NA
"123","2003-07-23",2003-07-23 18:18:00,2003-07-23 20:30:00,2003-07-23 18:18:00,2003-07-23 20:30:00,2003-07-23 18:18:00,2003-07-23 21:00:00,2003-07-23 18:18:00,2003-07-23 21:00:00,20.2,17.1,16.9,16.6,15,14.2,14.1,16.4,15.9,14.9,2003-07-23 19:30:00,15.1,14.8,1,1,"18:18","20:30","18:18","20:30","18:18","21:00","18:18","21:00"
"124","2003-08-05",NA,NA,NA,NA,NA,NA,NA,NA,20.2,17.5,15.5,13.1,11.5,10.8,14.9,13.5,12.2,11,2003-08-05 17:30:00,12.2,11.6,1,1,NA,NA,NA,NA,NA,NA,NA,NA
"125","2003-08-06",NA,NA,NA,NA,NA,NA,NA,NA,22.4,18.9,15.9,14.8,16.2,16.5,16.5,14.9,13.8,12.8,2003-08-06 11:30:00,16.1,15.4,1,0,NA,NA,NA,NA,NA,NA,NA,NA
"126","2003-08-12",2003-08-12 19:00:00,2003-08-12 22:00:00,2003-08-12 19:00:00,2003-08-12 22:00:00,2003-08-12 18:53:00,2003-08-12 22:00:00,2003-08-12 18:53:00,2003-08-12 22:00:00,21,18.7,16.1,14.5,14.2,14.5,16.2,15.2,14,13.9,2003-08-12 19:14:00,12.4,12,1,0,"19:00","22:00","19:00","22:00","18:53","22:00","18:53","22:00"
"127","2003-08-22",NA,NA,NA,NA,NA,NA,NA,NA,20.6,18.3,15.4,12.6,11.8,13.4,14.9,14.2,12.1,11.4,2003-08-22 17:00:00,12.6,12.1,1,0,NA,NA,NA,NA,NA,NA,NA,NA
"128","2003-09-05",NA,NA,NA,NA,NA,NA,NA,NA,20.6,18.1,13.3,10.2,8.7,12.2,13.9,11.7,9.8,8.5,2003-09-05 18:30:00,9.8,9.4,1,0,NA,NA,NA,NA,NA,NA,NA,NA
"129","2003-09-09",NA,NA,NA,NA,NA,NA,NA,NA,20.5,18,17.3,14.2,12,10.5,12.8,14.1,12.8,11.1,2003-09-09 19:30:00,12.1,11.5,1,1,NA,NA,NA,NA,NA,NA,NA,NA
"130","2003-09-14",NA,NA,NA,NA,NA,NA,NA,NA,24.7,20.3,15.1,15.7,19.9,12,14.7,12.8,3,-4.2,2003-09-14 12:30:00,17,16.5,1,0,NA,NA,NA,NA,NA,NA,NA,NA
"131","2003-09-19",NA,NA,NA,NA,NA,NA,NA,NA,27.9,19.7,14.1,11.7,9.7,6,16.6,11.9,10.4,8.1,2003-09-19 12:00:00,17.5,16.9,1,0,NA,NA,NA,NA,NA,NA,NA,NA
"132","2003-09-21",NA,NA,NA,NA,NA,NA,NA,NA,23,20.3,19.2,17.7,16.5,15.7,16.7,17.8,16.4,15.5,2003-09-21 19:30:00,16.4,15.5,1,0,NA,NA,NA,NA,NA,NA,NA,NA
"133","2003-09-26",NA,NA,NA,NA,NA,NA,NA,NA,23.6,22.5,19.8,18.4,16.4,18.4,19.2,18.2,17.6,16.1,2003-09-26 19:30:00,16.1,15.5,1,NA,NA,NA,NA,NA,NA,NA,NA,NA
"134","2003-10-20",NA,NA,2003-10-20 19:22:00,2003-10-20 20:00:00,NA,NA,2003-10-20 19:22:00,2003-10-20 20:00:00,20.3,19.4,15.7,15.8,16.3,16.7,17.4,15.4,15.4,16,2003-10-20 19:22:00,15.2,14.7,1,1,NA,NA,"19:22","20:00",NA,NA,"19:22","20:00"
"135","2003-10-21",NA,NA,NA,NA,NA,NA,NA,NA,24.2,20.8,17.6,16.8,15.8,15.4,17.3,16.9,16.1,15.3,2003-10-21 19:30:00,14.7,14.3,1,1,NA,NA,NA,NA,NA,NA,NA,NA
"136","2003-10-27",NA,NA,NA,NA,NA,NA,NA,NA,24.1,22,20,18.3,18.8,17.5,17.1,17.8,17,17.2,2003-10-27 18:50:00,17.4,16.6,1,1,NA,NA,NA,NA,NA,NA,NA,NA
"137","2003-11-22",2003-11-22 08:08:00,2003-11-22 08:08:00,NA,NA,2003-11-22 08:04:00,2003-11-22 08:08:00,NA,NA,26.9,25.1,22.3,21.3,22.2,21.9,22.6,21.3,20.6,21,2003-11-22 17:30:00,21,20.4,1,1,"08:08","08:08",NA,NA,"08:04","08:08",NA,NA
"138","2003-11-23",2003-11-23 15:59:00,2003-11-23 16:10:00,2003-11-23 15:59:00,2003-11-23 16:10:00,2003-11-23 15:59:00,2003-11-23 16:10:00,2003-11-23 15:59:00,2003-11-23 16:10:00,25,23.6,19.1,20.1,20.5,18.2,19.3,18.5,19.8,17.2,2003-11-23 16:10:00,20.3,20,1,1,"15:59","16:10","15:59","16:10","15:59","16:10","15:59","16:10"
"139","2003-12-10",NA,NA,NA,NA,NA,NA,NA,NA,25.9,24.5,21.2,20,21.3,18.5,18.9,19.4,18.9,20.1,2003-12-10 18:00:00,19.3,18.5,1,0,NA,NA,NA,NA,NA,NA,NA,NA
"140","2004-01-27",NA,NA,NA,NA,NA,NA,NA,NA,27.9,26.6,24.4,24,24,22.6,23,23.4,23.6,23.4,2004-01-27 20:30:00,24.3,23.8,1,0,NA,NA,NA,NA,NA,NA,NA,NA
"141","2004-03-08",NA,NA,NA,NA,NA,NA,NA,NA,29.8,26.4,25.7,25.4,24.1,23.5,25,24.9,24.4,23.4,2004-03-08 20:00:00,24.1,23.4,1,0,NA,NA,NA,NA,NA,NA,NA,NA
"142","2004-03-09",2004-03-09 20:00:00,2004-03-09 20:00:00,2004-03-09 20:00:00,2004-03-09 20:00:00,2004-03-09 19:43:00,2004-03-09 20:13:00,2004-03-09 19:43:00,2004-03-09 20:13:00,29.5,26.6,25.3,24.6,23,22.1,23.4,24,23.3,22.5,2004-03-09 20:00:00,23,22.5,1,0,"20:00","20:00","20:00","20:00","19:43","20:13","19:43","20:13"
"143","2004-04-13",NA,NA,NA,NA,2004-04-13 19:00:00,2004-04-13 19:00:00,2004-04-13 19:00:00,2004-04-13 19:00:00,26.2,22.6,18.8,17.7,18.9,17.7,19.2,18,16.7,18.4,2004-04-13 19:00:00,18.5,18.1,1,0,NA,NA,NA,NA,"19:00","19:00","19:00","19:00"
"144","2004-04-17",NA,NA,NA,NA,NA,NA,NA,NA,23.2,21.2,18.4,18.2,16.8,19.4,19.8,17.9,17.7,16.5,2004-04-17 21:00:00,18.1,17.6,1,1,NA,NA,NA,NA,NA,NA,NA,NA
"145","2004-04-23",NA,NA,NA,NA,NA,NA,NA,NA,25.6,21.6,18.1,16.2,15.6,15.6,18.3,16.8,15.7,15.3,2004-04-23 17:00:00,16.2,15.7,1,0,NA,NA,NA,NA,NA,NA,NA,NA
"146","2004-05-08",2004-05-08 16:00:00,2004-05-08 19:30:00,2004-05-08 16:00:00,2004-05-08 19:30:00,2004-05-08 15:20:00,2004-05-08 20:39:00,2004-05-08 16:00:00,2004-05-08 20:39:00,17.7,17.9,15.5,14.3,14.2,16.7,16.3,15.2,14.1,14.2,2004-05-08 16:00:00,14.9,14.7,1,1,"16:00","19:30","16:00","19:30","15:20","20:39","16:00","20:39"
"147","2004-05-31",NA,NA,NA,NA,NA,NA,NA,NA,21,17.6,14.7,14.1,13.5,11.2,12.3,12.1,12.5,13.2,2004-05-31 20:18:00,13.6,13.3,1,1,NA,NA,NA,NA,NA,NA,NA,NA
"148","2004-06-09",NA,NA,NA,NA,NA,NA,NA,NA,21.1,18,14.6,13.1,12.3,14.6,15.3,14.1,12.8,12,2004-06-09 21:00:00,12.8,12.2,1,0,NA,NA,NA,NA,NA,NA,NA,NA
"149","2004-06-10",NA,NA,NA,NA,NA,NA,NA,NA,22.1,16.3,13.3,13.6,11.9,13.7,15.1,12.6,12.9,11,2004-06-10 10:00:00,15.4,14.5,1,0,NA,NA,NA,NA,NA,NA,NA,NA
"150","2004-06-13",NA,NA,NA,NA,NA,NA,NA,NA,21.9,16.7,11.2,12.1,10.3,12.2,13.3,10.5,11.4,9.5,2004-06-13 09:24:00,15.5,14.7,1,0,NA,NA,NA,NA,NA,NA,NA,NA
"151","2004-06-24",NA,NA,NA,NA,NA,NA,NA,NA,21.4,16.1,11.1,7.6,6.9,13.6,14.4,9.7,6.9,6,2004-06-24 17:00:00,7.6,6.9,1,0,NA,NA,NA,NA,NA,NA,NA,NA
"152","2004-06-30",NA,NA,NA,NA,NA,NA,NA,NA,20.4,16.2,8.8,5.7,5.6,10.9,13.6,7.3,4.8,3.4,2004-06-30 11:30:00,13.2,11.7,1,0,NA,NA,NA,NA,NA,NA,NA,NA
"153","2004-07-04",NA,NA,NA,NA,NA,NA,NA,NA,22,18.2,15.3,13.8,14.8,14.1,15.7,14,13.3,13.6,2004-07-04 16:00:00,14.4,13.9,1,0,NA,NA,NA,NA,NA,NA,NA,NA
"154","2004-07-12",NA,NA,NA,NA,NA,NA,NA,NA,20.8,17.7,12.4,11.4,8.5,12.9,15.7,12.2,10.6,6.5,2004-07-12 15:30:00,11.6,11.2,1,0,NA,NA,NA,NA,NA,NA,NA,NA
"155","2004-07-25",2004-07-25 18:35:00,2004-07-25 18:35:00,2004-07-25 18:35:00,2004-07-25 18:35:00,2004-07-25 16:30:00,2004-07-25 18:35:00,2004-07-25 16:30:00,2004-07-25 18:35:00,19.9,18.5,14.6,11.3,9.1,14,14.1,13.6,10.7,8.8,2004-07-25 18:35:00,11.7,11.1,1,0,"18:35","18:35","18:35","18:35","16:30","18:35","16:30","18:35"
"156","2004-08-01",NA,NA,NA,NA,NA,NA,NA,NA,21,16.8,15.2,11.7,8.4,10.5,14,13.4,11.1,8,2004-08-01 21:00:00,9.6,9.3,1,0,NA,NA,NA,NA,NA,NA,NA,NA
"157","2004-08-24",NA,NA,NA,NA,NA,NA,NA,NA,21.5,16.4,12,10.4,8.5,12.3,13.9,11.1,10.1,8.1,2004-08-24 12:00:00,13.6,12.3,1,0,NA,NA,NA,NA,NA,NA,NA,NA
"158","2004-08-25",NA,NA,NA,NA,NA,NA,NA,NA,21.5,18,13.6,10.2,11.1,12.7,14,12.3,9.9,10.6,2004-08-25 18:33:00,9.6,9.2,1,0,NA,NA,NA,NA,NA,NA,NA,NA
"159","2004-08-28",NA,NA,NA,NA,2004-08-28 20:30:00,2004-08-28 20:30:00,2004-08-28 20:30:00,2004-08-28 20:30:00,22,19,16.5,14.6,12.4,12.7,15.3,14.8,13.6,11.9,2004-08-28 20:30:00,12.7,12.6,1,1,NA,NA,NA,NA,"20:30","20:30","20:30","20:30"
"160","2004-08-29",NA,NA,NA,NA,NA,NA,NA,NA,22.2,19.1,16.1,12.8,10.3,16.5,17.3,12.7,12.2,10,2004-08-29 19:00:00,10.9,10.4,1,1,NA,NA,NA,NA,NA,NA,NA,NA
"161","2004-09-04",NA,NA,NA,NA,NA,NA,NA,NA,17,14.8,10.3,11.1,8.4,9.3,10.6,9.5,10.3,8,2004-09-04 20:00:00,8.4,8,1,1,NA,NA,NA,NA,NA,NA,NA,NA
"162","2004-09-06",NA,NA,NA,NA,NA,NA,NA,NA,21.4,18.2,14.7,12,11.1,11.7,13.4,13.3,11.5,10.8,2004-09-06 19:30:00,11.8,11.7,1,NA,NA,NA,NA,NA,NA,NA,NA,NA
"163","2004-09-19",NA,NA,NA,NA,NA,NA,NA,NA,21.4,19.9,18.2,15.4,13.5,16,17.2,16.8,14.2,12.8,2004-09-19 19:00:00,13.6,13.1,1,0,NA,NA,NA,NA,NA,NA,NA,NA
"164","2004-10-23",2004-10-23 16:10:00,2004-10-23 20:30:00,2004-10-23 16:10:00,2004-10-23 20:30:00,2004-10-23 14:59:00,2004-10-23 20:45:00,2004-10-23 14:59:00,2004-10-23 20:45:00,28.3,24.1,20.9,19.9,20.1,19.9,21.3,20.1,19.8,19.5,2004-10-23 18:30:00,17.4,16.9,1,0,"16:10","20:30","16:10","20:30","14:59","20:45","14:59","20:45"
"165","2004-11-07",2004-11-07 03:30:00,2004-11-07 03:30:00,NA,NA,2004-11-07 02:00:00,2004-11-07 05:16:00,NA,NA,20.3,21,20,20,20.5,19.7,20.3,19.4,19.5,19.9,2004-11-07 17:50:00,19.8,19.5,1,1,"03:30","03:30",NA,NA,"02:00","05:16",NA,NA
"166","2004-12-11",2004-12-11 20:21:00,2004-12-11 20:21:00,2004-12-11 20:21:00,2004-12-11 20:21:00,2004-12-11 20:00:00,2004-12-11 20:49:00,2004-12-11 20:00:00,2004-12-11 20:21:00,28.1,25.4,23.6,23.3,23.1,23,22.9,22.7,22.7,22.7,2004-12-11 20:21:00,23.6,23,1,1,"20:21","20:21","20:21","20:21","20:00","20:49","20:00","20:21"
"167","2005-01-06",NA,NA,NA,NA,NA,NA,NA,NA,26.3,25.3,23.8,23.4,NA,24.2,24,23.1,23,NA,2005-01-06 19:56:00,22.9,22.1,1,1,NA,NA,NA,NA,NA,NA,NA,NA
"168","2005-02-05",NA,NA,NA,NA,NA,NA,NA,NA,30.3,27.4,25.5,23.3,22.8,21.9,23.9,23.7,22.5,22,2005-02-05 19:30:00,22.4,21.8,1,0,NA,NA,NA,NA,NA,NA,NA,NA
"169","2005-04-30",NA,NA,NA,NA,NA,NA,NA,NA,24.4,20.8,17.6,15,14.1,13.6,16.9,15.8,14.3,13.6,2005-04-30 18:30:00,14.7,14.2,1,0,NA,NA,NA,NA,NA,NA,NA,NA
"170","2005-05-24",NA,NA,NA,NA,NA,NA,NA,NA,22.1,17.9,12.9,13.7,11.5,13.8,15.2,12.2,13,11,2005-05-24 14:00:00,12.9,12.2,1,0,NA,NA,NA,NA,NA,NA,NA,NA
"171","2005-05-25",NA,NA,NA,NA,NA,NA,NA,NA,23.4,17.6,13,10.9,9.4,14.6,16.1,12.7,9.8,7.8,2005-05-25 11:30:00,15.4,14.7,1,0,NA,NA,NA,NA,NA,NA,NA,NA
"172","2005-06-12",NA,NA,2005-06-12 15:10:00,2005-06-12 21:30:00,NA,NA,2005-06-12 15:10:00,2005-06-12 21:41:00,22.1,20.3,16.4,13.4,12.9,16,17.6,15.8,13,12.7,2005-06-12 20:00:00,12.9,12.7,1,0,NA,NA,"15:10","21:30",NA,NA,"15:10","21:41"
"173","2005-06-30",2005-06-30 18:45:00,2005-06-30 21:00:00,2005-06-30 18:45:00,2005-06-30 21:00:00,2005-06-30 18:30:00,2005-06-30 21:00:00,2005-06-30 18:45:00,2005-06-30 21:00:00,20,18,19.1,16.1,16.3,17.6,17.2,17,15.8,16.2,2005-06-30 20:30:00,16.3,16.2,1,1,"18:45","21:00","18:45","21:00","18:30","21:00","18:45","21:00"
"174","2005-07-01",NA,NA,2005-07-01 16:00:00,2005-07-01 22:30:00,NA,NA,2005-07-01 15:43:00,2005-07-01 22:30:00,22.4,19,18.6,18.3,15.1,17.7,17.9,18.1,18,14.8,2005-07-01 21:00:00,16.1,16,1,1,NA,NA,"16:00","22:30",NA,NA,"15:43","22:30"
"175","2005-07-13",NA,NA,NA,NA,NA,NA,NA,NA,19.6,17.9,14.8,15,13.6,14.7,16.1,14,14.5,13.1,2005-07-13 12:00:00,14.8,14.3,1,1,NA,NA,NA,NA,NA,NA,NA,NA
"176","2005-07-30",NA,NA,NA,NA,NA,NA,NA,NA,22.4,17.5,12,10.4,12.8,10.6,12.1,11.4,9.9,11.2,2005-07-30 12:30:00,12.8,12.1,1,0,NA,NA,NA,NA,NA,NA,NA,NA
"177","2005-07-31",2005-07-31 13:00:00,2005-07-31 14:30:00,2005-07-31 13:00:00,2005-07-31 14:30:00,2005-07-31 13:00:00,2005-07-31 15:00:00,2005-07-31 13:00:00,2005-07-31 15:00:00,21.7,18.2,11.9,12.6,11.5,12.9,15,11.3,12.4,11.2,2005-07-31 14:00:00,11.9,11.3,1,0,"13:00","14:30","13:00","14:30","13:00","15:00","13:00","15:00"
"178","2005-08-15",NA,NA,NA,NA,NA,NA,NA,NA,20.9,16.8,11.9,9.6,9.6,8.3,12.3,10.4,8.8,8.6,2005-08-15 17:22:00,9.3,8.5,1,0,NA,NA,NA,NA,NA,NA,NA,NA
"179","2005-08-29",NA,NA,NA,NA,2005-08-29 22:42:00,2005-08-30 00:00:00,NA,NA,21,18.3,16.2,15.6,15,10.1,12.7,15.5,15.3,14.8,2005-08-29 19:00:00,15.2,14.9,1,1,NA,NA,NA,NA,"22:42","00:00",NA,NA
"180","2005-08-31",NA,NA,NA,NA,NA,NA,NA,NA,22,18.7,16.3,14.7,12.4,14.6,15.9,15.4,14.2,12,2005-08-31 20:00:00,12.4,12,1,1,NA,NA,NA,NA,NA,NA,NA,NA
"181","2005-09-01",2005-09-01 20:00:00,2005-09-01 20:00:00,2005-09-01 20:00:00,2005-09-01 20:00:00,2005-09-01 20:00:00,2005-09-01 20:00:00,2005-09-01 20:00:00,2005-09-01 20:00:00,22.5,19.2,15.1,12.9,12.8,15.4,16.2,14.6,12.6,12.5,2005-09-01 20:00:00,12.8,12.5,1,0,"20:00","20:00","20:00","20:00","20:00","20:00","20:00","20:00"
"182","2005-09-02",NA,NA,NA,NA,NA,NA,NA,NA,22.5,18.8,17.5,NA,13.6,15.1,16.3,15.3,NA,13.3,2005-09-02 16:53:00,14.7,14,1,0,NA,NA,NA,NA,NA,NA,NA,NA
"183","2005-09-27",NA,NA,NA,NA,NA,NA,NA,NA,24,21.1,16.7,15.8,15.1,14.4,18,15.5,14.6,15,2005-09-27 19:23:00,14.2,13.9,1,1,NA,NA,NA,NA,NA,NA,NA,NA
"184","2005-09-30",2005-09-30 19:43:00,2005-09-30 20:49:00,2005-09-30 19:43:00,2005-09-30 20:49:00,2005-09-30 07:08:00,2005-09-30 20:49:00,2005-09-30 18:30:00,2005-09-30 20:49:00,23,20.5,18.8,18.8,18.2,15.8,19.1,18.3,18.5,17.9,2005-09-30 19:50:00,17.9,17.6,1,1,"19:43","20:49","19:43","20:49","07:08","20:49","18:30","20:49"
"185","2005-10-02",2005-10-02 14:30:00,2005-10-02 16:30:00,2005-10-02 14:30:00,2005-10-02 16:30:00,2005-10-02 14:30:00,2005-10-02 18:30:00,2005-10-02 14:30:00,2005-10-02 18:30:00,24.8,22,18.7,19.4,18.1,19.2,20.4,18.1,18.6,17.4,2005-10-02 14:30:00,17.8,17.5,1,1,"14:30","16:30","14:30","16:30","14:30","18:30","14:30","18:30"
"186","2005-10-03",2005-10-03 18:21:00,2005-10-03 22:13:00,2005-10-03 18:21:00,2005-10-03 22:13:00,2005-10-03 18:21:00,2005-10-03 22:30:00,2005-10-03 18:21:00,2005-10-03 22:30:00,25.6,22.2,18.7,16.6,17.7,18.9,19.7,17.9,16.1,17.6,2005-10-03 19:45:00,17,16.9,1,0,"18:21","22:13","18:21","22:13","18:21","22:30","18:21","22:30"
"187","2005-10-05",NA,NA,NA,NA,NA,NA,NA,NA,24.2,21.9,21,18.3,18,17.6,18.4,18.8,17.6,17.7,2005-10-05 19:25:00,17.6,17.1,1,0,NA,NA,NA,NA,NA,NA,NA,NA
"188","2005-10-06",NA,NA,NA,NA,NA,NA,NA,NA,27.8,23.8,18.5,16.7,17.6,19.5,20.7,18.2,16.6,17.2,2005-10-06 13:30:00,18.9,18.4,1,0,NA,NA,NA,NA,NA,NA,NA,NA
"189","2005-10-11",NA,NA,NA,NA,2005-10-11 20:21:00,2005-10-11 21:30:00,2005-10-11 20:21:00,2005-10-11 21:30:00,24.9,22.2,22.8,21,19.5,16.9,19.1,21.6,20.3,19,2005-10-11 20:21:00,19.9,19.3,1,0,NA,NA,NA,NA,"20:21","21:30","20:21","21:30"
"190","2005-10-21",2005-10-21 02:27:00,2005-10-21 19:47:00,2005-10-21 19:38:00,2005-10-21 19:47:00,2005-10-21 02:11:00,2005-10-21 21:12:00,2005-10-21 19:30:00,2005-10-21 21:12:00,22.1,21.1,19.2,18.4,18.1,19.1,19.6,18.6,17.9,17.8,2005-10-21 19:47:00,17.5,17.2,1,1,"02:27","19:47","19:38","19:47","02:11","21:12","19:30","21:12"
"191","2005-10-23",NA,NA,NA,NA,NA,NA,NA,NA,NA,24.1,21.3,21.8,21.4,NA,20.3,20.4,20.9,20.8,2005-10-23 19:00:00,20.6,19.9,1,0,NA,NA,NA,NA,NA,NA,NA,NA
"192","2005-12-04",NA,NA,NA,NA,NA,NA,NA,NA,28.3,25.9,23.1,22.1,21.8,12.9,21.5,22,21.4,20.6,2005-12-04 16:00:00,21.7,20.8,1,0,NA,NA,NA,NA,NA,NA,NA,NA
"193","2005-12-05",NA,NA,NA,NA,NA,NA,NA,NA,28.4,26.7,24,22.5,24.8,24.1,24.1,23.1,21.8,23.2,2005-12-05 16:30:00,22.9,22.3,1,0,NA,NA,NA,NA,NA,NA,NA,NA
"194","2005-12-10",NA,NA,NA,NA,NA,NA,NA,NA,30.2,26.5,24.4,23.6,24,18.1,23.2,23,21.3,22.5,2005-12-10 20:00:00,24,22.5,1,0,NA,NA,NA,NA,NA,NA,NA,NA
"195","2006-03-31",NA,NA,2006-03-31 17:09:00,2006-03-31 19:00:00,NA,NA,2006-03-31 17:09:00,2006-03-31 19:30:00,22.8,20.6,19.4,17.1,15.4,21.2,18,18.6,16.9,14.9,2006-03-31 18:00:00,16.3,16.2,1,1,NA,NA,"17:09","19:00",NA,NA,"17:09","19:30"
"196","2006-06-15",NA,NA,NA,NA,NA,NA,NA,NA,20.5,15.5,10.8,9.6,7.5,9.4,13.7,10,8.7,6.9,2006-06-15 20:30:00,7.3,6.6,1,1,NA,NA,NA,NA,NA,NA,NA,NA
"197","2006-06-23",NA,NA,NA,NA,NA,NA,NA,NA,17.9,16.2,14.9,14.1,14.1,14.8,14.5,14.4,13.6,13.8,2006-06-23 23:00:00,15.5,14.8,1,1,NA,NA,NA,NA,NA,NA,NA,NA
"198","2006-06-24",2006-06-24 18:28:00,2006-06-24 18:28:00,2006-06-24 18:28:00,2006-06-24 18:28:00,2006-06-24 18:28:00,2006-06-24 21:00:00,2006-06-24 18:28:00,2006-06-24 21:00:00,20.1,16.1,13.3,11.6,14.1,15.4,15.4,12.6,11,13.8,2006-06-24 18:28:00,13.2,12.9,1,1,"18:28","18:28","18:28","18:28","18:28","21:00","18:28","21:00"
"199","2006-06-30",NA,NA,NA,NA,NA,NA,NA,NA,20.7,16.7,15.8,12.3,9.8,9.7,13.9,12.6,11.3,9.6,2006-06-30 20:30:00,9.5,9.2,1,1,NA,NA,NA,NA,NA,NA,NA,NA
"200","2006-07-11",NA,NA,NA,NA,NA,NA,NA,NA,22.2,18.8,17.1,10.5,9.7,8.1,12.5,13.5,9.7,8.9,2006-07-11 20:30:00,9.4,8.4,1,0,NA,NA,NA,NA,NA,NA,NA,NA
"201","2006-07-24",2006-07-24 20:16:00,2006-07-24 20:30:00,2006-07-24 20:16:00,2006-07-24 20:30:00,2006-07-24 20:16:00,2006-07-24 21:00:00,2006-07-24 20:16:00,2006-07-24 21:00:00,19.7,16,15.6,15.1,13.4,12.2,13.1,14.6,14,13.1,2006-07-24 20:16:00,13.2,13,1,1,"20:16","20:30","20:16","20:30","20:16","21:00","20:16","21:00"
"202","2006-07-26",2006-07-26 17:30:00,2006-07-26 21:00:00,2006-07-26 17:30:00,2006-07-26 21:00:00,2006-07-26 17:30:00,2006-07-26 21:12:00,2006-07-26 17:30:00,2006-07-26 21:00:00,20.6,18.1,12.6,11.3,11.3,13.9,15.6,12.2,11,11,2006-07-26 19:30:00,10.2,10,1,1,"17:30","21:00","17:30","21:00","17:30","21:12","17:30","21:00"
"203","2006-07-28",NA,NA,NA,NA,NA,NA,NA,NA,19.1,17.7,13.4,13,10.1,18,16.6,13.1,11.9,10,2006-07-28 12:00:00,15.7,15.2,1,1,NA,NA,NA,NA,NA,NA,NA,NA
"204","2006-08-12",NA,NA,NA,NA,NA,NA,NA,NA,20.4,15.4,10.7,10.2,9.7,10.2,13.1,9.9,9.8,9.4,2006-08-12 10:00:00,14.3,13.1,1,0,NA,NA,NA,NA,NA,NA,NA,NA
"205","2006-08-14",2006-08-14 13:53:00,2006-08-14 14:00:00,2006-08-14 13:53:00,2006-08-14 14:00:00,2006-08-14 13:53:00,2006-08-14 14:00:00,2006-08-14 13:53:00,2006-08-14 14:00:00,21.6,17.8,10,9,5.4,14.5,15.2,9.6,8,4,2006-08-14 13:53:00,10.3,9.5,1,0,"13:53","14:00","13:53","14:00","13:53","14:00","13:53","14:00"
"206","2006-08-15",NA,NA,NA,NA,NA,NA,NA,NA,22.5,18.2,10.3,10.9,9.3,3.6,13.5,9.6,9.4,6.8,2006-08-15 14:30:00,10.9,10.3,1,0,NA,NA,NA,NA,NA,NA,NA,NA
"207","2006-08-20",NA,NA,NA,NA,NA,NA,NA,NA,21.8,19.2,15.5,12.5,12,13.1,13.8,13.6,11.9,11.4,2006-08-20 20:11:00,12.2,11.4,1,0,NA,NA,NA,NA,NA,NA,NA,NA
"208","2006-08-21",2006-08-21 14:24:00,2006-08-21 14:24:00,2006-08-21 14:24:00,2006-08-21 14:24:00,2006-08-21 14:24:00,2006-08-21 17:00:00,2006-08-21 14:24:00,2006-08-21 17:00:00,20.6,18.7,12.9,13.7,10.4,14.8,16.4,12.4,13.3,10,2006-08-21 14:24:00,13.2,13,1,0,"14:24","14:24","14:24","14:24","14:24","17:00","14:24","17:00"
"209","2006-08-22",NA,NA,NA,NA,NA,NA,NA,NA,23.5,19.6,11.9,10.6,9.2,10.3,14.1,11,9.7,8,2006-08-22 20:00:00,9.2,8,1,0,NA,NA,NA,NA,NA,NA,NA,NA
"210","2006-08-23",NA,NA,NA,NA,NA,NA,NA,NA,22.1,18.4,12,10.6,9.2,10.4,12.3,11,10,8.5,2006-08-23 20:10:00,9.3,8.5,1,0,NA,NA,NA,NA,NA,NA,NA,NA
"211","2006-08-24",2006-08-24 15:21:00,2006-08-24 20:30:00,2006-08-24 15:21:00,2006-08-24 20:30:00,2006-08-24 15:21:00,2006-08-24 20:44:00,2006-08-24 15:21:00,2006-08-24 20:44:00,21.7,18.9,18.5,14.1,12.2,16.1,16.9,16.4,14,11.5,2006-08-24 17:00:00,14.1,14,1,0,"15:21","20:30","15:21","20:30","15:21","20:44","15:21","20:44"
"212","2006-09-02",NA,NA,NA,NA,NA,NA,NA,NA,22.2,19.6,17.7,14.5,14.3,15.5,15.6,15.7,14.2,14.1,2006-09-02 20:00:00,14.3,14.1,1,1,NA,NA,NA,NA,NA,NA,NA,NA
"213","2006-09-20",NA,NA,NA,NA,NA,NA,NA,NA,22.2,19.5,15.1,13,12.4,13.3,13.9,13.7,12.1,11.6,2006-09-20 17:00:00,13,12.1,1,0,NA,NA,NA,NA,NA,NA,NA,NA
"214","2006-09-22",NA,NA,NA,NA,NA,NA,NA,NA,23.5,NA,18.9,16.9,14.1,14.2,NA,16.4,15,13.5,2006-09-22 19:37:00,14,13.4,1,0,NA,NA,NA,NA,NA,NA,NA,NA
"215","2006-09-24",NA,NA,NA,NA,NA,NA,NA,NA,23.2,20.3,19.4,16.4,14.3,11.6,15.5,17,15,14.1,2006-09-24 19:30:00,14.7,14,1,0,NA,NA,NA,NA,NA,NA,NA,NA
"216","2006-11-04",2006-11-04 04:30:00,2006-11-04 20:11:00,2006-11-04 17:44:00,2006-11-04 20:11:00,2006-11-04 04:30:00,2006-11-04 20:11:00,2006-11-04 15:00:00,2006-11-04 20:11:00,18.2,17.9,15.8,15,16.4,17.6,17.3,15.3,14.7,16.1,2006-11-04 20:11:00,16.3,15.9,1,1,"04:30","20:11","17:44","20:11","04:30","20:11","15:00","20:11"
"217","2006-12-15",NA,NA,NA,NA,NA,NA,NA,NA,26,23.9,22.5,21.6,22.3,19.7,21.2,21.8,20.9,21.6,2006-12-15 19:30:00,22.1,21.4,1,1,NA,NA,NA,NA,NA,NA,NA,NA
"218","2007-03-11",2007-03-11 20:21:00,2007-03-11 20:30:00,2007-03-11 20:21:00,2007-03-11 20:30:00,2007-03-11 20:21:00,2007-03-11 21:00:00,2007-03-11 20:21:00,2007-03-11 21:00:00,29,26.3,23.6,22,21.6,23.8,23.2,22.6,21.4,21,2007-03-11 20:21:00,22,21.4,1,0,"20:21","20:30","20:21","20:30","20:21","21:00","20:21","21:00"
"219","2007-04-17",NA,NA,NA,NA,NA,NA,NA,NA,25.4,22.2,20.6,16.3,15,11.3,17.4,17.8,15.5,14.7,2007-04-17 19:30:00,14.9,14.4,1,0,NA,NA,NA,NA,NA,NA,NA,NA
"220","2007-04-18",NA,NA,NA,NA,NA,NA,NA,NA,25,22.5,19.3,17.9,16.3,18.4,18.5,17.8,16.9,15.7,2007-04-18 20:07:00,16.3,15.6,1,1,NA,NA,NA,NA,NA,NA,NA,NA
"221","2007-05-04",NA,NA,NA,NA,NA,NA,NA,NA,25.7,22.5,19.6,16.3,17.2,18.7,19.2,18.5,15.8,16.9,2007-05-04 19:00:00,17.3,16.7,1,0,NA,NA,NA,NA,NA,NA,NA,NA
"222","2007-05-05",NA,NA,NA,NA,NA,NA,NA,NA,24.8,22.9,19.7,18.4,16.9,19.6,19.4,18.4,17.4,16.3,2007-05-05 18:00:00,18.1,17.3,1,0,NA,NA,NA,NA,NA,NA,NA,NA
"223","2007-05-16",NA,NA,NA,NA,NA,NA,NA,NA,24.2,21.7,17.4,16.1,16.4,16.4,17,16.2,15.4,16,2007-05-16 20:25:00,16.4,15.9,1,0,NA,NA,NA,NA,NA,NA,NA,NA
"224","2007-05-21",2007-05-21 16:52:00,2007-05-21 18:00:00,2007-05-21 16:52:00,2007-05-21 18:00:00,2007-05-21 16:52:00,2007-05-21 18:12:00,2007-05-21 16:52:00,2007-05-21 18:12:00,20.9,18.7,NA,14.1,15.7,17,16.4,NA,13.9,15.2,2007-05-21 17:30:00,13.3,13.2,1,1,"16:52","18:00","16:52","18:00","16:52","18:12","16:52","18:12"
"225","2007-05-29",2007-05-29 19:30:00,2007-05-29 19:30:00,2007-05-29 19:30:00,2007-05-29 19:30:00,2007-05-29 19:30:00,2007-05-29 22:30:00,2007-05-29 19:30:00,2007-05-29 22:30:00,23.6,19.9,18.5,18.2,15.3,17.5,18,17.9,17.6,15,2007-05-29 19:30:00,15.2,14.9,1,1,"19:30","19:30","19:30","19:30","19:30","22:30","19:30","22:30"
"226","2007-07-25",NA,NA,NA,NA,NA,NA,NA,NA,19.8,14.2,9.4,9,8.7,10.6,12.5,8.6,8.8,8.1,2007-07-25 17:30:00,9.1,8.9,1,0,NA,NA,NA,NA,NA,NA,NA,NA
"227","2007-07-26",NA,NA,NA,NA,2007-07-26 20:30:00,2007-07-26 20:30:00,2007-07-26 20:30:00,2007-07-26 20:30:00,20.1,15.1,10.1,9.1,7.7,10.9,12,9.3,8.5,7.1,2007-07-26 20:30:00,7.8,7.2,1,0,NA,NA,NA,NA,"20:30","20:30","20:30","20:30"
"228","2007-07-31",NA,NA,NA,NA,NA,NA,NA,NA,19.4,15.5,11.1,10.2,8.7,9.6,11.4,10.4,9.8,8.1,2007-07-31 20:30:00,8.5,7.6,1,0,NA,NA,NA,NA,NA,NA,NA,NA
"229","2007-08-01",NA,NA,NA,NA,NA,NA,NA,NA,19.7,17.3,13,10.5,8.3,13.1,14,10.8,9.5,7.7,2007-08-01 18:17:00,9.8,8.8,1,1,NA,NA,NA,NA,NA,NA,NA,NA
"230","2007-08-02",NA,NA,NA,NA,NA,NA,NA,NA,21.6,17.8,14.8,10.9,9.6,14,14.9,13.3,10.1,8.8,2007-08-02 20:00:00,9.6,8.8,1,1,NA,NA,NA,NA,NA,NA,NA,NA
"231","2007-08-09",NA,NA,NA,NA,NA,NA,NA,NA,NA,17.6,13.1,9,7.3,NA,14.1,11.8,7.3,6.7,2007-08-09 20:30:00,6.5,5.6,1,1,NA,NA,NA,NA,NA,NA,NA,NA
"232","2007-08-11",NA,NA,NA,NA,NA,NA,NA,NA,24,16.2,9.6,9.3,10.5,3.2,10.6,7.9,1.9,1.4,2007-08-11 11:30:00,13.1,11.8,1,0,NA,NA,NA,NA,NA,NA,NA,NA
"233","2007-08-15",NA,NA,NA,NA,NA,NA,NA,NA,19.4,17.8,16.6,16,12.5,13.7,14.5,14,14.4,11.7,2007-08-15 20:30:00,13,12.4,1,0,NA,NA,NA,NA,NA,NA,NA,NA
"234","2007-08-26",NA,NA,NA,NA,NA,NA,NA,NA,20.6,18.3,14.7,13.4,12.1,12.7,14.5,13.3,11.6,11.5,2007-08-26 20:00:00,12.1,11.5,1,1,NA,NA,NA,NA,NA,NA,NA,NA
"235","2007-09-14",NA,NA,NA,NA,NA,NA,NA,NA,22.2,20.6,19.2,17.4,13.9,18.2,18.4,16.4,15.5,13.2,2007-09-14 20:00:00,13.9,13.2,1,0,NA,NA,NA,NA,NA,NA,NA,NA
"236","2007-09-16",2007-09-16 18:30:00,2007-09-16 22:00:00,2007-09-16 18:30:00,2007-09-16 22:00:00,2007-09-16 15:30:00,2007-09-16 22:00:00,2007-09-16 15:30:00,2007-09-16 22:00:00,24.1,20,17.2,16.3,16.1,18.4,18.6,16.7,16,16,2007-09-16 19:00:00,14.6,14.4,1,1,"18:30","22:00","18:30","22:00","15:30","22:00","15:30","22:00"
"237","2007-09-27",NA,NA,NA,NA,NA,NA,NA,NA,23.4,21.5,18.2,16.5,14.9,17.8,18,17.1,15.9,14.6,2007-09-27 18:30:00,16,15.5,1,1,NA,NA,NA,NA,NA,NA,NA,NA
"238","2007-09-28",2007-09-28 18:21:00,2007-09-28 21:21:00,2007-09-28 18:21:00,2007-09-28 21:21:00,2007-09-28 16:08:00,2007-09-28 21:21:00,2007-09-28 16:08:00,2007-09-28 21:21:00,25.9,21.8,18.1,15.2,15.8,16.5,18.9,17.3,14.7,15.5,2007-09-28 20:30:00,17.5,17.2,1,1,"18:21","21:21","18:21","21:21","16:08","21:21","16:08","21:21"
"239","2007-09-30",NA,NA,NA,NA,NA,NA,NA,NA,24.1,22.5,17,13.9,14.4,18.1,19.4,16.2,13.2,13.1,2007-09-30 13:30:00,18.2,17.6,1,0,NA,NA,NA,NA,NA,NA,NA,NA
"240","2007-10-02",2007-10-02 17:00:00,2007-10-02 22:00:00,2007-10-02 17:00:00,2007-10-02 22:00:00,2007-10-02 16:30:00,2007-10-02 22:00:00,2007-10-02 16:30:00,2007-10-02 22:00:00,24.5,21.8,19.4,17.2,18.3,15,19.8,18.6,16.9,18,2007-10-02 18:00:00,17.8,17.6,1,1,"17:00","22:00","17:00","22:00","16:30","22:00","16:30","22:00"
"241","2007-10-07",NA,NA,NA,NA,NA,NA,NA,NA,24.7,22.9,20.9,19.9,19,19.6,19.8,19.3,18.7,18.2,2007-10-07 19:13:00,18.9,18.1,1,1,NA,NA,NA,NA,NA,NA,NA,NA
"242","2007-10-16",NA,NA,NA,NA,NA,NA,NA,NA,24,22,17.6,14.9,18.9,16.7,16.4,15.6,13.8,16.6,2007-10-16 17:30:00,14.4,13.7,1,0,NA,NA,NA,NA,NA,NA,NA,NA
"243","2008-02-05",NA,NA,NA,NA,NA,NA,NA,NA,25.4,23.7,21,22,21.5,21.4,22.2,19.6,20.8,20.8,2008-02-05 19:30:00,21.1,20.4,1,1,NA,NA,NA,NA,NA,NA,NA,NA
"244","2008-02-06",2008-02-06 05:46:00,2008-02-06 07:12:00,NA,NA,2008-02-06 05:30:00,2008-02-06 07:16:00,NA,NA,25.9,20.2,21.1,20.2,20.3,22.7,19.9,20.5,19.8,19.7,2008-02-06 18:00:00,20.1,20,1,1,"05:46","07:12",NA,NA,"05:30","07:16",NA,NA
"245","2008-02-22",NA,NA,NA,NA,NA,NA,NA,NA,28.1,25.7,24.3,22.9,22.3,22.5,22.6,23.4,22.2,21.9,2008-02-22 19:30:00,22.3,21.9,1,0,NA,NA,NA,NA,NA,NA,NA,NA
"246","2008-04-13",NA,NA,NA,NA,NA,NA,NA,NA,25.9,22,18.6,17.4,16.4,10.5,18.9,17.6,16.6,15.9,2008-04-13 19:30:00,17,16.5,1,0,NA,NA,NA,NA,NA,NA,NA,NA
"247","2008-05-02",NA,NA,NA,NA,NA,NA,NA,NA,22.7,20.2,19.9,18.2,14.3,15,17.3,15.5,15.1,13.3,2008-05-02 20:00:00,14.3,13.3,1,0,NA,NA,NA,NA,NA,NA,NA,NA
"248","2008-05-16",2008-05-16 19:52:00,2008-05-16 21:00:00,2008-05-16 19:52:00,2008-05-16 21:00:00,2008-05-16 19:30:00,2008-05-16 21:00:00,2008-05-16 19:30:00,2008-05-16 21:00:00,22.6,18.9,15.6,13.5,14,15.2,16.5,14.8,13.2,13.6,2008-05-16 20:30:00,14.6,14.4,1,0,"19:52","21:00","19:52","21:00","19:30","21:00","19:30","21:00"
"249","2008-05-26",NA,NA,NA,NA,NA,NA,NA,NA,22.2,16.1,10.9,10.5,10.2,9.1,13.5,10,8.9,7.3,2008-05-26 11:00:00,12.8,11.7,1,0,NA,NA,NA,NA,NA,NA,NA,NA
"250","2008-06-02",2008-06-02 06:14:00,2008-06-02 21:30:00,2008-06-02 20:56:00,2008-06-02 21:30:00,2008-06-02 02:21:00,2008-06-02 21:39:00,2008-06-02 20:45:00,2008-06-02 21:39:00,19.8,19.2,18.5,17.6,16.6,18.7,18.6,17.2,17.1,16.3,2008-06-02 21:00:00,16.5,16.1,1,1,"06:14","21:30","20:56","21:30","02:21","21:39","20:45","21:39"
"251","2008-06-03",NA,NA,2008-06-03 16:45:00,2008-06-03 21:43:00,NA,NA,2008-06-03 16:45:00,2008-06-03 22:00:00,NA,19.3,17.7,16,16.4,NA,17.5,17.1,15.7,16.1,2008-06-03 19:30:00,15.8,15.4,1,1,NA,NA,"16:45","21:43",NA,NA,"16:45","22:00"
"252","2008-06-04",NA,NA,NA,NA,NA,NA,NA,NA,22.1,19.9,16,14.8,14.7,17.7,18.1,15.5,14.1,14.2,2008-06-04 16:00:00,15.8,15.4,1,NA,NA,NA,NA,NA,NA,NA,NA,NA
"253","2008-06-11",NA,NA,NA,NA,NA,NA,NA,NA,22,18.5,14.6,15,13.7,13.6,16,14.1,14.3,13.2,2008-06-11 20:13:00,13.8,13.3,1,1,NA,NA,NA,NA,NA,NA,NA,NA
"254","2008-06-12",NA,NA,2008-06-12 20:30:00,2008-06-12 22:30:00,NA,NA,2008-06-12 20:30:00,2008-06-12 22:40:00,22.6,17.6,14.9,13.6,11.9,15.6,15.5,14.4,13.3,11.5,2008-06-12 21:00:00,12.8,12.6,1,0,NA,NA,"20:30","22:30",NA,NA,"20:30","22:40"
"255","2008-06-18",NA,NA,NA,NA,2008-06-18 05:00:00,2008-06-18 05:00:00,NA,NA,18.5,17.4,17,16.2,16.1,16.2,16.6,16.4,15.9,15.8,2008-06-18 20:30:00,15.6,15.2,1,1,NA,NA,NA,NA,"05:00","05:00",NA,NA
"256","2008-06-19",NA,NA,2008-06-19 20:00:00,2008-06-19 22:30:00,NA,NA,2008-06-19 19:30:00,2008-06-19 22:30:00,20.2,17.8,14.9,14.1,14.3,16,16.1,14.4,13.9,13.9,2008-06-19 20:30:00,14.3,14.1,1,1,NA,NA,"20:00","22:30",NA,NA,"19:30","22:30"
"257","2008-06-20",NA,NA,NA,NA,2008-06-20 06:39:00,2008-06-20 06:39:00,NA,NA,19.3,17.8,13.2,11.1,11.1,17.2,16.1,12.7,9.1,8.7,2008-06-20 12:30:00,13.8,13.3,1,1,NA,NA,NA,NA,"06:39","06:39",NA,NA
"258","2008-06-25",NA,NA,NA,NA,NA,NA,NA,NA,20.3,15.5,10.1,9.1,9.1,11.8,13.4,9.5,8.4,8.5,2008-06-25 15:00:00,10.3,9.5,1,0,NA,NA,NA,NA,NA,NA,NA,NA
"259","2008-06-30",NA,NA,NA,NA,NA,NA,2008-06-30 21:00:00,2008-06-30 21:00:00,19.5,16.6,15.4,12.2,9.5,12.9,14.5,14,11.5,9.1,2008-06-30 21:00:00,10,9.6,1,0,NA,NA,NA,NA,NA,NA,"21:00","21:00"
"260","2008-07-13",NA,NA,NA,NA,NA,NA,NA,NA,21,18.2,14.9,13.6,15.1,16,15.7,14,13.1,14.8,2008-07-13 20:30:00,15.4,15.2,1,0,NA,NA,NA,NA,NA,NA,NA,NA
"261","2008-07-14",2008-07-14 16:08:00,2008-07-14 22:00:00,2008-07-14 16:08:00,2008-07-14 22:00:00,2008-07-14 12:00:00,2008-07-14 22:00:00,2008-07-14 16:08:00,2008-07-14 22:00:00,22.1,19,17.1,17.2,16.1,17.2,17,16.7,17.1,16,2008-07-14 17:00:00,17.2,17.1,1,0,"16:08","22:00","16:08","22:00","12:00","22:00","16:08","22:00"
"262","2008-07-15",NA,NA,NA,NA,NA,NA,NA,NA,21.5,19.5,17.8,17.4,16.9,17.4,17.7,17.3,16.9,16.5,2008-07-15 18:00:00,17,16.4,1,1,NA,NA,NA,NA,NA,NA,NA,NA
"263","2008-07-16",2008-07-16 20:33:00,2008-07-16 21:30:00,2008-07-16 20:33:00,2008-07-16 21:30:00,2008-07-16 20:30:00,2008-07-16 22:00:00,2008-07-16 20:30:00,2008-07-16 22:00:00,18.5,16.9,14,13.2,11.1,13.6,14.8,13.1,11.9,10.5,2008-07-16 21:00:00,12.6,12.2,1,1,"20:33","21:30","20:33","21:30","20:30","22:00","20:30","22:00"
"264","2008-08-03",NA,NA,NA,NA,NA,NA,NA,NA,18.9,14.7,9.6,8.2,8.6,9.2,11.3,8.8,7.8,8,2008-08-03 18:00:00,7.8,7.2,1,0,NA,NA,NA,NA,NA,NA,NA,NA
"265","2008-08-04",NA,NA,NA,NA,NA,NA,NA,NA,19.5,16.7,12.8,9.8,6.9,11.1,13.3,11.5,9,6.3,2008-08-04 18:30:00,7.8,7.4,1,0,NA,NA,NA,NA,NA,NA,NA,NA
"266","2008-08-05",NA,NA,NA,NA,NA,NA,NA,NA,19.8,15.5,10,8.6,6.8,1.2,7.7,9,8,6.4,2008-08-05 19:46:00,7.7,7.1,1,NA,NA,NA,NA,NA,NA,NA,NA,NA
"267","2008-08-21",NA,NA,NA,NA,NA,NA,NA,NA,19,16.6,15.7,13.6,13.3,10,10.8,13.8,12.7,12.8,2008-08-21 20:30:00,12,11.3,1,0,NA,NA,NA,NA,NA,NA,NA,NA
"268","2008-08-26",NA,NA,NA,NA,2008-08-26 20:00:00,2008-08-26 21:30:00,NA,NA,19.8,16.9,12.2,10.7,10.1,10.8,13.6,11.4,10.2,9.7,2008-08-26 17:30:00,10.2,9.8,1,0,NA,NA,NA,NA,"20:00","21:30",NA,NA
"269","2008-09-12",NA,NA,NA,NA,NA,NA,NA,NA,22,19.9,18.3,15.4,13.4,15.3,15.3,15.2,14,12.9,2008-09-12 19:30:00,13.2,12.3,1,1,NA,NA,NA,NA,NA,NA,NA,NA
"270","2008-09-14",NA,NA,NA,NA,NA,NA,NA,NA,21.6,20.3,18.7,15.9,14.4,15.5,16,17.1,15.2,14.1,2008-09-14 16:00:00,16.3,15.8,1,1,NA,NA,NA,NA,NA,NA,NA,NA
"271","2008-09-19",NA,NA,NA,NA,NA,NA,NA,NA,22.4,20.5,19.1,17.5,15.7,18.4,18.9,17.3,16.7,15.2,2008-09-19 20:00:00,15.7,15.2,1,1,NA,NA,NA,NA,NA,NA,NA,NA
"272","2008-09-28",2008-09-28 18:30:00,2008-09-28 18:30:00,2008-09-28 18:30:00,2008-09-28 18:30:00,2008-09-28 18:17:00,2008-09-28 18:30:00,2008-09-28 18:17:00,2008-09-28 18:30:00,23.1,20.6,17.5,14.8,14.3,16.8,17,16,14.3,14.1,2008-09-28 18:30:00,13.6,13.1,1,0,"18:30","18:30","18:30","18:30","18:17","18:30","18:17","18:30"
"273","2008-10-04",NA,NA,NA,NA,NA,NA,NA,NA,24.1,21.9,20.2,17.1,15.2,14.6,16.8,16.9,15.8,14.6,2008-10-04 19:30:00,14.8,14.2,1,0,NA,NA,NA,NA,NA,NA,NA,NA
"274","2008-11-06",NA,NA,NA,NA,NA,NA,NA,NA,26.5,23.5,20.3,19,20.4,19.2,19.9,19.4,18.4,20,2008-11-06 20:30:00,21.3,20.3,1,1,NA,NA,NA,NA,NA,NA,NA,NA
"275","2008-11-20",2008-11-20 09:15:00,2008-11-20 09:20:00,NA,NA,2008-11-20 09:00:00,2008-11-20 09:20:00,NA,NA,25,24.1,20.1,18.7,20,20.8,22.7,19.3,18.2,19.1,2008-11-20 19:00:00,18.4,17.8,1,1,"09:15","09:20",NA,NA,"09:00","09:20",NA,NA
"276","2008-12-30",NA,NA,NA,NA,NA,NA,NA,NA,27.6,26.6,24.9,23.1,23.4,23.4,24.3,22.8,22.2,22.7,2008-12-30 17:24:00,21.9,21.1,1,1,NA,NA,NA,NA,NA,NA,NA,NA
"277","2009-05-28",NA,NA,NA,NA,NA,NA,NA,NA,21.6,19.1,16.7,15,15.2,14.4,15.5,15.5,14.5,14.5,2009-05-28 20:30:00,14.2,13.5,1,0,NA,NA,NA,NA,NA,NA,NA,NA
"278","2009-06-04",2009-06-04 15:00:00,2009-06-04 22:20:00,2009-06-04 15:00:00,2009-06-04 22:20:00,2009-06-04 15:00:00,2009-06-04 22:40:00,2009-06-04 15:00:00,2009-06-04 22:40:00,19.5,17.8,14.8,NA,14.6,16.5,16.5,14.4,NA,14.4,2009-06-04 20:30:00,14.8,14.6,1,1,"15:00","22:20","15:00","22:20","15:00","22:40","15:00","22:40"
"279","2009-06-05",NA,NA,NA,NA,NA,NA,NA,NA,21,17.1,13.2,12.5,10.4,16.4,13.7,12.6,11.9,9.8,2009-06-05 19:00:00,11.1,10.5,1,1,NA,NA,NA,NA,NA,NA,NA,NA
"280","2009-06-06",NA,NA,NA,NA,NA,NA,NA,NA,22,16.4,16.9,16.6,13.8,10.7,12.8,15.5,15.9,13.3,2009-06-06 20:30:00,13.4,12.7,1,0,NA,NA,NA,NA,NA,NA,NA,NA
"281","2009-06-13",NA,NA,NA,NA,NA,NA,NA,NA,19.7,15.2,9.5,8.3,7.7,9.5,11.3,8.7,7.7,7.1,2009-06-13 11:30:00,11.1,9.9,1,0,NA,NA,NA,NA,NA,NA,NA,NA
"282","2009-06-14",NA,NA,NA,NA,NA,NA,NA,NA,21,17.5,14.6,12.3,11.4,13.7,14,11.2,10.8,10.6,2009-06-14 20:30:00,11.5,10.7,1,0,NA,NA,NA,NA,NA,NA,NA,NA
"283","2009-06-15",2009-06-15 17:30:00,2009-06-15 18:30:00,2009-06-15 17:30:00,2009-06-15 18:30:00,2009-06-15 17:30:00,2009-06-15 18:30:00,2009-06-15 17:30:00,2009-06-15 18:30:00,17.6,16,12.9,11.3,10.6,15.9,14.8,12.5,11.1,10.6,2009-06-15 17:30:00,10.5,10.3,1,1,"17:30","18:30","17:30","18:30","17:30","18:30","17:30","18:30"
"284","2009-06-23",2009-06-23 18:48:00,2009-06-23 21:53:00,2009-06-23 18:48:00,2009-06-23 21:53:00,2009-06-23 18:00:00,2009-06-23 22:00:00,2009-06-23 18:00:00,2009-06-23 22:00:00,21.6,18.4,12.9,11.1,11.6,14.6,13.8,12.3,10.5,11.4,2009-06-23 21:00:00,11.8,11.6,1,NA,"18:48","21:53","18:48","21:53","18:00","22:00","18:00","22:00"
"285","2009-06-24",2009-06-24 13:30:00,2009-06-24 16:00:00,2009-06-24 13:30:00,2009-06-24 16:00:00,2009-06-24 13:30:00,2009-06-24 19:30:00,2009-06-24 13:30:00,2009-06-24 19:30:00,19.9,16.8,12,11.6,10.4,15,15.4,11.4,11.2,10,2009-06-24 14:25:00,11.7,11.5,1,0,"13:30","16:00","13:30","16:00","13:30","19:30","13:30","19:30"
"286","2009-06-25",NA,NA,NA,NA,NA,NA,NA,NA,17.9,15.9,15.4,14.7,14.1,13.7,14.9,13.8,13.6,13.6,2009-06-25 21:00:00,14.3,13.8,1,1,NA,NA,NA,NA,NA,NA,NA,NA
"287","2009-07-01",NA,NA,NA,NA,NA,NA,NA,NA,20.9,18.3,15.6,14.8,13.8,15.7,15.9,14.5,13.9,12.5,2009-07-01 15:00:00,15.4,14.3,1,NA,NA,NA,NA,NA,NA,NA,NA,NA
"288","2009-07-12",NA,NA,NA,NA,NA,NA,NA,NA,19.7,14.1,11.9,9.1,7.5,7.3,11.7,10.7,8.3,6.8,2009-07-12 20:30:00,7,5.9,1,0,NA,NA,NA,NA,NA,NA,NA,NA
"289","2009-07-18",NA,NA,NA,NA,NA,NA,NA,NA,19.1,15.4,10,11.2,11.4,9.6,12.1,9.2,10.6,10.2,2009-07-18 14:00:00,10,9.2,1,0,NA,NA,NA,NA,NA,NA,NA,NA
"290","2009-07-20",2009-07-20 20:00:00,2009-07-20 20:30:00,2009-07-20 20:00:00,2009-07-20 20:30:00,2009-07-20 19:30:00,2009-07-20 20:30:00,2009-07-20 19:30:00,2009-07-20 20:30:00,20.3,16.8,11.9,9.1,8.1,11.4,10.8,10.7,8.5,7.7,2009-07-20 20:00:00,8.1,7.7,1,0,"20:00","20:30","20:00","20:30","19:30","20:30","19:30","20:30"
"291","2009-07-21",NA,NA,NA,NA,NA,NA,NA,NA,20.4,17,12.3,10.5,10.6,11.5,12.1,11,9.7,9.8,2009-07-21 17:30:00,9.9,9.3,1,0,NA,NA,NA,NA,NA,NA,NA,NA
"292","2009-07-30",NA,NA,NA,NA,NA,NA,NA,NA,19.9,14.7,10.7,8.7,6.8,8.1,10.9,9.1,7.9,6.1,2009-07-30 20:18:00,7,6.3,1,0,NA,NA,NA,NA,NA,NA,NA,NA
"293","2009-08-03",NA,NA,NA,NA,NA,NA,NA,NA,20.6,16.3,12,10.1,10.2,10.7,14.4,11,9.5,8.6,2009-08-03 15:08:00,10.4,9.8,1,0,NA,NA,NA,NA,NA,NA,NA,NA
"294","2009-08-12",NA,NA,NA,NA,NA,NA,NA,NA,21.1,19.5,16.2,12.3,10.2,15.7,15.1,13.5,11.7,9.6,2009-08-12 17:42:00,11.6,10.8,1,0,NA,NA,NA,NA,NA,NA,NA,NA
"295","2009-08-13",NA,NA,NA,NA,NA,NA,NA,NA,22.9,19,14.6,13.6,11.2,14.8,15.6,13.9,12.7,10.8,2009-08-13 12:13:00,15.6,14.7,1,0,NA,NA,NA,NA,NA,NA,NA,NA
"296","2009-08-16",NA,NA,NA,NA,NA,NA,NA,NA,21.3,19,13.9,12.3,11.2,14.8,15.4,12.6,11.7,11,2009-08-16 15:30:00,12.8,12.2,1,0,NA,NA,NA,NA,NA,NA,NA,NA
"297","2009-08-22",2009-08-22 13:53:00,2009-08-22 16:05:00,2009-08-22 13:53:00,2009-08-22 16:05:00,2009-08-22 13:00:00,2009-08-22 22:30:00,2009-08-22 13:00:00,2009-08-22 22:30:00,24.2,20.5,16.3,14.3,13.5,16.2,18.2,15.4,14.1,13,2009-08-22 15:54:00,15.2,14.7,1,0,"13:53","16:05","13:53","16:05","13:00","22:30","13:00","22:30"
"298","2009-08-23",NA,NA,2009-08-23 14:30:00,2009-08-23 21:00:00,NA,NA,2009-08-23 14:30:00,2009-08-23 21:00:00,23.3,20.6,17.9,14.9,14.6,18.4,18.7,17.4,14.5,14.2,2009-08-23 19:30:00,15.1,14.9,1,0,NA,NA,"14:30","21:00",NA,NA,"14:30","21:00"
"299","2009-08-28",NA,NA,NA,NA,2009-08-28 19:49:00,2009-08-28 21:00:00,2009-08-28 19:49:00,2009-08-28 20:30:00,23.8,20.6,19.7,19.6,19.3,18.1,18.7,19.1,18.6,18.3,2009-08-28 20:00:00,19.3,18.3,1,0,NA,NA,NA,NA,"19:49","21:00","19:49","20:30"
"300","2009-09-01",NA,NA,NA,NA,NA,NA,NA,NA,21.7,18.4,12.9,12,11,9.6,12.7,12.2,12,11,2009-09-01 19:48:00,11.5,10.7,1,NA,NA,NA,NA,NA,NA,NA,NA,NA
"301","2009-09-06",NA,NA,NA,NA,NA,NA,NA,NA,22.3,19.7,18.6,16.5,15.2,14.1,16,16.6,15.5,14.5,2009-09-06 20:00:00,15.2,14.5,1,0,NA,NA,NA,NA,NA,NA,NA,NA
"302","2009-09-13",NA,NA,NA,NA,NA,NA,NA,NA,22.4,17.9,14.3,12.2,12.1,12.7,14,12.8,12,11.5,2009-09-13 14:30:00,13.7,12.6,1,0,NA,NA,NA,NA,NA,NA,NA,NA
"303","2009-09-14",NA,NA,NA,NA,NA,NA,NA,NA,23.3,19.5,14.4,12.6,12.5,13.2,15.1,13.3,12,12.1,2009-09-14 19:30:00,12.4,11.8,1,0,NA,NA,NA,NA,NA,NA,NA,NA
"304","2009-09-19",NA,NA,NA,NA,NA,NA,NA,NA,25,21.2,19.5,18.6,18.1,17.8,17.8,18.5,17.8,17.3,2009-09-19 18:48:00,18.5,17.7,1,0,NA,NA,NA,NA,NA,NA,NA,NA
"305","2009-09-20",NA,NA,NA,NA,NA,NA,NA,NA,25.7,22.5,19,17,17,16.3,18,17.5,16.2,16.3,2009-09-20 20:00:00,17,16.3,1,0,NA,NA,NA,NA,NA,NA,NA,NA
"306","2009-09-30",NA,NA,NA,NA,NA,NA,NA,NA,24,20.4,15.5,13.6,12.2,8.9,13.4,12.8,12.3,11.2,2009-09-30 18:30:00,12.4,11.3,1,0,NA,NA,NA,NA,NA,NA,NA,NA
"307","2009-10-11",2009-10-11 17:07:00,2009-10-11 20:13:00,2009-10-11 17:07:00,2009-10-11 20:13:00,2009-10-11 16:45:00,2009-10-11 20:30:00,2009-10-11 17:07:00,2009-10-11 20:30:00,19,17.9,13.3,12.2,13,12.7,13.9,12.6,11.6,12.6,2009-10-11 17:30:00,13,12.6,1,0,"17:07","20:13","17:07","20:13","16:45","20:30","17:07","20:30"
"308","2009-10-24",NA,NA,NA,NA,NA,NA,NA,NA,24.8,22.8,19.1,15.9,17.2,16.9,17.1,16.3,14.9,16.5,2009-10-24 18:41:00,15.6,15.1,1,1,NA,NA,NA,NA,NA,NA,NA,NA
"309","2009-12-27",2009-12-27 20:36:00,2009-12-27 22:38:00,NA,NA,2009-12-27 09:00:00,2009-12-27 22:38:00,NA,NA,26.9,25.5,23.7,23.6,24.1,22.3,22.7,22.4,22.9,23.1,2009-12-27 19:00:00,23.6,22.7,1,1,"20:36","22:38",NA,NA,"09:00","22:38",NA,NA
"310","2010-04-10",2010-04-10 17:00:00,2010-04-10 22:30:00,2010-04-10 17:00:00,2010-04-10 22:30:00,2010-04-10 17:00:00,2010-04-10 23:00:00,2010-04-10 17:00:00,2010-04-10 23:00:00,26.4,24.7,23.7,22,21.7,21.9,21.7,22.7,21,21.2,2010-04-10 18:47:00,21.9,21.6,1,NA,"17:00","22:30","17:00","22:30","17:00","23:00","17:00","23:00"
"311","2010-04-24",2010-04-24 20:00:00,2010-04-24 20:06:00,2010-04-24 20:00:00,2010-04-24 20:06:00,2010-04-24 20:00:00,2010-04-24 20:30:00,2010-04-24 20:00:00,2010-04-24 20:30:00,24.6,NA,19.5,18.5,17.7,19.8,NA,18.9,18,17.4,2010-04-24 20:06:00,17.5,17.3,1,1,"20:00","20:06","20:00","20:06","20:00","20:30","20:00","20:30"
"312","2010-04-28",NA,NA,NA,NA,NA,NA,NA,NA,25,21.2,19.2,18.1,17.1,16.7,18.6,17.9,17.3,16.6,2010-04-28 19:30:00,17,16.3,1,1,NA,NA,NA,NA,NA,NA,NA,NA
"313","2010-04-29",NA,NA,NA,NA,NA,NA,NA,NA,25.5,22.4,18,14.2,12.5,18.9,19.9,16.8,13.1,11,2010-04-29 14:30:00,17.1,16.1,1,1,NA,NA,NA,NA,NA,NA,NA,NA
"314","2010-05-04",2010-05-04 18:57:00,2010-05-04 22:00:00,2010-05-04 18:57:00,2010-05-04 22:00:00,2010-05-04 02:00:00,2010-05-04 22:00:00,2010-05-04 18:57:00,2010-05-04 22:00:00,20.7,18.3,18.1,16.7,16.8,18.8,17.5,17.6,16.2,16.5,2010-05-04 18:57:00,16.3,16,1,1,"18:57","22:00","18:57","22:00","02:00","22:00","18:57","22:00"
"315","2010-05-11",NA,NA,2010-05-11 17:30:00,2010-05-11 21:30:00,NA,NA,2010-05-11 16:30:00,2010-05-11 21:30:00,23.9,18.3,15.4,15.2,14.2,15.8,17.1,14.9,14.9,14,2010-05-11 17:50:00,15,14.8,1,NA,NA,NA,"17:30","21:30",NA,NA,"16:30","21:30"
"316","2010-06-02",NA,NA,NA,NA,NA,NA,NA,NA,20,16.2,16.6,13.7,16.2,15.4,15,14.9,13,14.6,2010-06-02 18:00:00,13.3,12.7,1,1,NA,NA,NA,NA,NA,NA,NA,NA
"317","2010-06-03",NA,NA,NA,NA,NA,NA,NA,NA,21.1,17.2,12.7,11.2,9.3,12,12.7,11.4,10.2,8.9,2010-06-03 17:30:00,11.2,10.6,1,0,NA,NA,NA,NA,NA,NA,NA,NA
"318","2010-06-25",NA,NA,NA,NA,NA,NA,NA,NA,19.3,16.9,13.1,12,12,13.5,14.4,12.4,11.6,11.8,2010-06-25 17:46:00,11.4,11.2,1,1,NA,NA,NA,NA,NA,NA,NA,NA
"319","2010-06-26",NA,NA,NA,NA,NA,NA,NA,NA,19.5,17.1,13.8,13.1,12.5,14.5,14.7,13.4,12.5,12.1,2010-06-26 12:00:00,13.9,13,1,0,NA,NA,NA,NA,NA,NA,NA,NA
"320","2010-06-30",NA,NA,NA,NA,2010-06-30 02:00:00,2010-06-30 02:00:00,NA,NA,16.7,13.7,13.1,12.7,12.4,14.1,13.2,12.2,7.6,5.5,2010-06-30 02:30:00,13.7,13,1,1,NA,NA,NA,NA,"02:00","02:00",NA,NA
"321","2010-07-12",NA,NA,NA,NA,NA,NA,NA,NA,21.5,17.6,13.4,11.8,11.9,12.7,14.6,12.7,11.2,11.3,2010-07-12 18:00:00,12.2,11.8,1,0,NA,NA,NA,NA,NA,NA,NA,NA
"322","2010-07-13",NA,NA,NA,NA,NA,NA,NA,NA,21.1,18.2,13.6,13.7,15.1,13,13.6,12.9,12.6,12.9,2010-07-13 16:00:00,13.5,13,1,0,NA,NA,NA,NA,NA,NA,NA,NA
"323","2010-07-28",NA,NA,NA,NA,2010-07-28 17:30:00,2010-07-28 21:30:00,2010-07-28 17:30:00,2010-07-28 21:30:00,20.2,18.8,17.1,16.8,17,15.5,15.9,16.6,16.5,16.8,2010-07-28 18:00:00,17,16.7,1,1,NA,NA,NA,NA,"17:30","21:30","17:30","21:30"
"324","2010-07-29",2010-07-29 17:00:00,2010-07-29 22:42:00,2010-07-29 17:00:00,2010-07-29 22:42:00,2010-07-29 16:58:00,2010-07-29 23:30:00,2010-07-29 16:58:00,2010-07-29 22:42:00,20.3,18.5,18.1,16.4,15.5,18,17.3,17.6,16.2,15.3,2010-07-29 21:00:00,16.2,16,1,1,"17:00","22:42","17:00","22:42","16:58","23:30","16:58","22:42"
"325","2010-08-08",NA,NA,NA,NA,NA,NA,NA,NA,20,16.2,10.8,10,9.6,8,10.7,10,9.4,8.1,2010-08-08 15:30:00,9.6,9,1,0,NA,NA,NA,NA,NA,NA,NA,NA
"326","2010-08-13",NA,NA,NA,NA,NA,NA,NA,NA,19.2,15.5,9.5,7.7,5.8,2.5,4,4.8,4.7,4.9,2010-08-13 20:00:00,5.8,4.9,1,0,NA,NA,NA,NA,NA,NA,NA,NA
"327","2010-08-18",NA,NA,NA,NA,NA,NA,NA,NA,21.3,17,14.2,12.6,11.5,9.5,11.9,12.4,12,10.9,2010-08-18 16:48:00,11.7,11.1,1,1,NA,NA,NA,NA,NA,NA,NA,NA
"328","2010-08-31",NA,NA,NA,NA,NA,NA,NA,NA,20.7,16.8,13.4,12.2,11.9,12.7,14.3,12.1,11.4,10.9,2010-08-31 20:17:00,11.9,10.9,1,0,NA,NA,NA,NA,NA,NA,NA,NA
"329","2010-09-01",NA,NA,NA,NA,NA,NA,NA,NA,22,18.7,16.1,12.5,10.4,13.7,14.7,13,11.2,9.8,2010-09-01 19:30:00,10.5,9.9,1,0,NA,NA,NA,NA,NA,NA,NA,NA
"330","2010-09-02",NA,NA,NA,NA,NA,NA,NA,NA,23.4,19.4,16.4,14.2,14.8,13.4,15.7,15,12.7,13.9,2010-09-02 20:06:00,14.8,13.7,1,0,NA,NA,NA,NA,NA,NA,NA,NA
"331","2010-09-13",NA,NA,NA,NA,NA,NA,NA,NA,23.5,20.4,17.4,17,16,15.3,16.8,16,16,15.3,2010-09-13 17:42:00,16.3,15.4,1,0,NA,NA,NA,NA,NA,NA,NA,NA
"332","2010-09-25",NA,NA,NA,NA,NA,NA,NA,NA,21.7,19.7,16.9,13.7,14.1,16.6,14.9,14.8,12.8,13.7,2010-09-25 18:28:00,14.1,13.7,1,1,NA,NA,NA,NA,NA,NA,NA,NA
"333","2010-09-26",NA,NA,NA,NA,NA,NA,NA,NA,22.5,20.6,17.8,16.2,16.1,16.9,17.7,16.8,15.9,15.8,2010-09-26 21:00:00,18.7,17.9,1,0,NA,NA,NA,NA,NA,NA,NA,NA
"334","2010-09-28",NA,NA,NA,NA,NA,NA,NA,NA,21.8,20.1,20,19.3,18,20.6,18.2,19.4,18.7,17.8,2010-09-28 19:30:00,17.9,17.6,1,1,NA,NA,NA,NA,NA,NA,NA,NA
"335","2010-10-23",NA,NA,NA,NA,NA,NA,NA,NA,22.9,20.8,18.4,16.3,17,16.3,15,15.9,15.1,16.3,2010-10-23 19:17:00,15.4,14.9,1,0,NA,NA,NA,NA,NA,NA,NA,NA
"336","2011-04-11",2011-04-11 05:38:00,2011-04-11 05:38:00,NA,NA,2011-04-11 05:38:00,2011-04-11 05:38:00,NA,NA,24.3,20.8,19.3,18.5,17.3,16.8,18.6,18.5,17.8,17.1,2011-04-11 19:41:00,17.2,16.9,1,1,"05:38","05:38",NA,NA,"05:38","05:38",NA,NA
"337","2011-04-21",2011-04-21 20:53:00,2011-04-21 21:38:00,2011-04-21 20:53:00,2011-04-21 21:38:00,2011-04-21 20:53:00,2011-04-21 21:38:00,2011-04-21 20:53:00,2011-04-21 21:38:00,25.5,22.9,19,18.1,18.2,18.9,18.1,18.4,17.8,17.9,2011-04-21 21:30:00,19,18.7,1,0,"20:53","21:38","20:53","21:38","20:53","21:38","20:53","21:38"
"338","2011-05-22",NA,NA,NA,NA,2011-05-22 20:10:00,2011-05-22 20:30:00,NA,NA,21.3,19.3,16.7,16,15.6,17.9,17.2,16.4,15.7,15.4,2011-05-22 20:00:00,15.6,15.4,1,1,NA,NA,NA,NA,"20:10","20:30",NA,NA
"339","2011-05-30",NA,NA,NA,NA,NA,NA,NA,NA,19.9,16.5,12.3,11.6,10.2,11.1,13.8,10.4,10.4,9.6,2011-05-30 20:16:00,10.2,9.6,1,1,NA,NA,NA,NA,NA,NA,NA,NA
"340","2011-06-19",NA,NA,NA,NA,NA,NA,NA,NA,18.6,12.2,8.5,6.1,5,4,7.7,6.1,5.4,4,2011-06-19 20:16:00,4.6,4.1,1,0,NA,NA,NA,NA,NA,NA,NA,NA
"341","2011-07-03",NA,NA,NA,NA,NA,NA,NA,NA,18.8,14.1,12.5,12.1,9.9,12.1,11.3,11.6,11.1,9.5,2011-07-03 18:43:00,10.4,10,1,0,NA,NA,NA,NA,NA,NA,NA,NA
"342","2011-08-02",NA,NA,NA,NA,NA,NA,NA,NA,20,16.5,11.7,10.6,10.1,9.9,11.9,10.1,9.6,9.1,2011-08-02 13:30:00,11.3,10.1,1,0,NA,NA,NA,NA,NA,NA,NA,NA
"343","2011-08-16",NA,NA,NA,NA,NA,NA,NA,NA,20,17,11.7,11.7,10.6,11,12.3,10.5,10.7,10,2011-08-16 20:09:00,10.8,10,1,1,NA,NA,NA,NA,NA,NA,NA,NA
"344","2011-08-28",NA,NA,NA,NA,NA,NA,NA,NA,21.3,18.5,15.2,14.1,12.3,15.6,14.9,14.1,13.6,11.9,2011-08-28 17:00:00,14.1,13.6,1,1,NA,NA,NA,NA,NA,NA,NA,NA
"345","2011-08-30",NA,NA,NA,NA,2011-08-30 08:37:00,2011-08-30 08:37:00,NA,NA,NA,18.1,15,13.8,11.5,NA,15.9,13.9,12.5,11.3,2011-08-30 20:13:00,12.1,11.7,1,1,NA,NA,NA,NA,"08:37","08:37",NA,NA
"346","2011-09-01",NA,NA,NA,NA,NA,NA,NA,NA,21.4,18.5,14,13,12,11.5,13.7,12.9,12.4,11.4,2011-09-01 20:00:00,12,11.4,1,0,NA,NA,NA,NA,NA,NA,NA,NA
"347","2011-09-07",NA,NA,NA,NA,NA,NA,NA,NA,22.6,18.1,14.8,12.9,12.5,13,15.4,14.1,12.3,11.9,2011-09-07 14:30:00,14.4,13.7,1,1,NA,NA,NA,NA,NA,NA,NA,NA
"348","2011-09-17",NA,NA,NA,NA,NA,NA,NA,NA,26.4,19.4,15.3,13.3,12.6,9,14.4,13.9,11.4,9,2011-09-17 12:30:00,16.4,15.4,1,0,NA,NA,NA,NA,NA,NA,NA,NA
"349","2011-09-19",NA,NA,NA,NA,NA,NA,NA,NA,25.3,21,15.7,13.6,12.1,18.2,19.9,15.2,13.4,11.9,2011-09-19 09:30:00,18.5,17.3,1,0,NA,NA,NA,NA,NA,NA,NA,NA
"350","2011-10-03",NA,NA,NA,NA,2011-10-03 15:00:00,2011-10-03 15:00:00,2011-10-03 15:00:00,2011-10-03 15:00:00,18.1,16.1,11.1,12,10,9.5,12.3,10.9,10.4,9.2,2011-10-03 15:00:00,10,9.6,1,1,NA,NA,NA,NA,"15:00","15:00","15:00","15:00"
"351","2011-10-07",NA,NA,NA,NA,2011-10-07 17:31:00,2011-10-07 22:30:00,2011-10-07 17:31:00,2011-10-07 17:31:00,24.1,20,18.8,16.6,16.9,15.5,17.4,17.5,16.1,16.6,2011-10-07 17:31:00,15.9,15.7,1,1,NA,NA,NA,NA,"17:31","22:30","17:31","17:31"
"352","2011-10-08",NA,NA,NA,NA,NA,NA,NA,NA,24,18.6,14.2,13.5,13.1,11.6,16.3,13.7,13.1,12.5,2011-10-08 14:30:00,14.1,13.9,1,1,NA,NA,NA,NA,NA,NA,NA,NA
"353","2011-10-11",NA,NA,NA,NA,NA,NA,NA,NA,23.7,21.1,18.6,17.1,15.8,16.3,17.7,17.3,16.4,14.2,2011-10-11 14:30:00,18.3,17.3,1,0,NA,NA,NA,NA,NA,NA,NA,NA
"354","2011-10-15",NA,NA,NA,NA,NA,NA,NA,NA,24.1,18.1,16,15.4,16.2,19.3,15.4,15.3,14.7,15.5,2011-10-15 15:30:00,15.6,15.1,1,1,NA,NA,NA,NA,NA,NA,NA,NA
"355","2011-10-24",NA,NA,NA,NA,NA,NA,NA,NA,23.9,21.1,19.1,17.1,17.6,16.4,16.5,16.9,16.1,16.6,2011-10-24 18:00:00,17,16.3,1,0,NA,NA,NA,NA,NA,NA,NA,NA
"356","2011-11-08",NA,NA,NA,NA,NA,NA,NA,NA,25.1,22.2,20.5,18.3,19.6,16.1,16.8,17,16.5,17.1,2011-11-08 17:30:00,18,16.3,1,0,NA,NA,NA,NA,NA,NA,NA,NA
"357","2011-11-27",NA,NA,NA,NA,NA,NA,NA,NA,27.5,25.6,23.1,21.2,22.7,22,21.9,21.1,20.1,21.3,2011-11-27 18:30:00,20.4,19.6,1,1,NA,NA,NA,NA,NA,NA,NA,NA
"358","2011-12-10",NA,NA,NA,NA,2011-12-10 18:24:00,2011-12-10 18:24:00,2011-12-10 18:24:00,2011-12-10 18:24:00,22.6,21.9,20.6,18.5,19.9,19.3,20.5,19.7,18.3,19.4,2011-12-10 18:24:00,18.4,18.1,1,1,NA,NA,NA,NA,"18:24","18:24","18:24","18:24"
"359","2011-12-26",NA,NA,NA,NA,NA,NA,NA,NA,27.3,25,21.6,21.2,21.6,17.8,18.7,19.9,19.8,20.4,2011-12-26 19:00:00,20.4,19.5,1,0,NA,NA,NA,NA,NA,NA,NA,NA
"360","2012-04-22",2012-04-22 20:10:00,2012-04-22 22:05:00,2012-04-22 20:10:00,2012-04-22 22:05:00,2012-04-22 20:10:00,2012-04-22 22:12:00,2012-04-22 20:10:00,2012-04-22 22:12:00,25.1,22.6,19.8,18.2,17.3,19.5,20,18.8,17.7,17,2012-04-22 20:30:00,18.1,17.9,1,0,"20:10","22:05","20:10","22:05","20:10","22:12","20:10","22:12"
"361","2012-04-23",NA,NA,NA,NA,2012-04-23 18:00:00,2012-04-23 18:30:00,2012-04-23 18:00:00,2012-04-23 18:30:00,24.5,22.6,21.5,21.2,20.5,19,21.2,20.9,20.7,20,2012-04-23 18:00:00,20.7,20.4,1,0,NA,NA,NA,NA,"18:00","18:30","18:00","18:30"
"362","2012-05-10",NA,NA,NA,NA,NA,NA,NA,NA,23.8,20.2,14.8,14.8,12.8,11.7,14.9,14.1,14.3,12.2,2012-05-10 20:30:00,13,12.3,1,0,NA,NA,NA,NA,NA,NA,NA,NA
"363","2012-05-11",NA,NA,NA,NA,NA,NA,NA,NA,23.1,18.1,15.4,13.1,12.6,14,14.8,14.2,12.2,12,2012-05-11 19:30:00,12.6,12,1,0,NA,NA,NA,NA,NA,NA,NA,NA
"364","2012-05-22",NA,NA,NA,NA,NA,NA,NA,NA,23.1,18.5,14,13.2,13,13.8,15.6,13.1,12.5,12.1,2012-05-22 09:42:00,16.1,15.1,1,0,NA,NA,NA,NA,NA,NA,NA,NA
"365","2012-06-03",NA,NA,NA,NA,NA,NA,NA,NA,21.6,18.8,16.4,14,13.5,16.9,17.3,16.1,13.8,12.8,2012-06-03 14:41:00,15.9,15.6,1,1,NA,NA,NA,NA,NA,NA,NA,NA
"366","2012-06-15",NA,NA,NA,NA,NA,NA,NA,NA,20.4,14.5,11.9,11.3,9.7,12.2,12.1,10.9,10.5,8.9,2012-06-15 13:30:00,12.4,11.3,1,1,NA,NA,NA,NA,NA,NA,NA,NA
"367","2012-06-20",NA,NA,NA,NA,NA,NA,NA,NA,20.3,14.8,11,9.5,8.5,11.2,13.2,10.2,9.3,8.1,2012-06-20 10:00:00,12.9,12.3,1,0,NA,NA,NA,NA,NA,NA,NA,NA
"368","2012-06-29",NA,NA,NA,NA,NA,NA,NA,NA,21.7,18.7,13.5,11.4,10.4,13.6,13.4,12.4,11,10.2,2012-06-29 15:30:00,12.9,12.3,1,1,NA,NA,NA,NA,NA,NA,NA,NA
"369","2012-06-30",NA,NA,NA,NA,NA,NA,NA,NA,21.9,14.9,11.4,10,9.3,6.9,12.7,10.2,9.6,8.7,2012-06-30 13:30:00,11.9,10.9,1,0,NA,NA,NA,NA,NA,NA,NA,NA
"370","2012-07-10",NA,NA,NA,NA,2012-07-10 03:23:00,2012-07-10 22:06:00,2012-07-10 22:06:00,2012-07-10 22:06:00,17.3,18.3,15.4,15.5,15.1,12.2,13.3,14.5,15,14.7,2012-07-10 22:06:00,16.1,15.6,1,1,NA,NA,NA,NA,"03:23","22:06","22:06","22:06"
"371","2012-07-11",NA,NA,NA,NA,2012-07-11 03:50:00,2012-07-12 00:35:00,NA,NA,18,17.1,16.2,15.9,15.4,17.2,16.4,15.9,15.7,15.2,2012-07-11 17:30:00,15.3,15.1,1,1,NA,NA,NA,NA,"03:50","00:35",NA,NA
"372","2012-07-13",NA,NA,NA,NA,2012-07-13 18:41:00,2012-07-13 18:41:00,2012-07-13 18:41:00,2012-07-13 18:41:00,19.5,18.9,19,18.6,18.5,19.2,18.3,18.5,18.3,18.3,2012-07-13 18:41:00,18.5,18.3,1,1,NA,NA,NA,NA,"18:41","18:41","18:41","18:41"
"373","2012-07-26",NA,NA,NA,NA,NA,NA,NA,NA,19.1,15.4,13.6,12.5,11,13.1,13.6,12.1,11.6,10.4,2012-07-26 20:00:00,11,10.4,1,0,NA,NA,NA,NA,NA,NA,NA,NA
"374","2012-08-14",NA,NA,NA,NA,NA,NA,NA,NA,20.7,16.1,11.7,8.6,7.1,8.9,11.2,8.4,6.9,5.8,2012-08-14 20:00:00,7.1,5.8,1,0,NA,NA,NA,NA,NA,NA,NA,NA
"375","2012-08-16",NA,NA,NA,NA,NA,NA,NA,NA,21.8,17.9,15.2,12.3,10.5,13.5,15.5,12.8,11.3,9.7,2012-08-16 20:00:00,10.5,9.7,1,0,NA,NA,NA,NA,NA,NA,NA,NA
"376","2012-08-21",NA,NA,NA,NA,NA,NA,NA,NA,20.6,17.7,12.3,12.1,10.1,10.2,12.1,11.3,11.1,9.5,2012-08-21 19:52:00,10.4,9.6,1,0,NA,NA,NA,NA,NA,NA,NA,NA
"377","2012-08-22",NA,NA,2012-08-22 15:44:00,2012-08-22 17:30:00,NA,NA,2012-08-22 15:24:00,2012-08-22 17:30:00,21.7,18,15.3,13.3,14.3,13.1,15.4,14.6,12.7,13.2,2012-08-22 16:44:00,12.8,12.1,1,0,NA,NA,"15:44","17:30",NA,NA,"15:24","17:30"
"378","2012-09-04",NA,NA,NA,NA,NA,NA,NA,NA,21.9,17.4,13,11.2,11.5,9.4,13.1,11.1,10.2,10.3,2012-09-04 19:30:00,10,9.4,1,0,NA,NA,NA,NA,NA,NA,NA,NA
"379","2012-09-11",NA,NA,NA,NA,NA,NA,NA,NA,23.7,17.8,14.8,13.1,13.8,7.4,14.5,13.2,12.2,11.5,2012-09-11 15:00:00,13.5,12.4,1,0,NA,NA,NA,NA,NA,NA,NA,NA
"380","2012-09-12",NA,NA,NA,NA,NA,NA,NA,NA,23,18,15.3,13.7,14.1,10.6,14,13.5,12.6,12.6,2012-09-12 15:00:00,14.7,12.9,1,1,NA,NA,NA,NA,NA,NA,NA,NA
"381","2012-09-19",NA,NA,NA,NA,NA,NA,NA,NA,22.7,20.2,17.6,15.7,14.2,16.1,17.2,16.3,14.8,13.5,2012-09-19 20:30:00,15,14.3,1,1,NA,NA,NA,NA,NA,NA,NA,NA
"382","2012-09-20",NA,NA,NA,NA,NA,NA,NA,NA,24.3,20.3,16,15.3,17.3,16.1,16.8,15.3,14.6,16.3,2012-09-20 16:30:00,15.3,14.8,1,1,NA,NA,NA,NA,NA,NA,NA,NA
"383","2012-09-21",NA,NA,NA,NA,NA,NA,NA,NA,21.2,20.1,16.2,15.3,13.6,19,16.6,15.7,14.2,12.9,2012-09-21 19:44:00,13.6,13.2,1,1,NA,NA,NA,NA,NA,NA,NA,NA
"384","2012-09-23",2012-09-23 20:00:00,2012-09-23 20:30:00,2012-09-23 20:00:00,2012-09-23 20:30:00,2012-09-23 19:30:00,2012-09-23 21:00:00,2012-09-23 19:30:00,2012-09-23 21:00:00,24,20.1,20.9,18.5,18.3,18.3,18.7,19.5,17.7,17.3,2012-09-23 20:00:00,18.3,17.3,1,0,"20:00","20:30","20:00","20:30","19:30","21:00","19:30","21:00"
"385","2012-10-04",NA,NA,NA,NA,NA,NA,NA,NA,NA,20.4,18.3,13.5,13.9,NA,14.2,13.7,11.4,12.6,2012-10-04 19:30:00,13.5,12.4,1,0,NA,NA,NA,NA,NA,NA,NA,NA
"386","2012-10-05",NA,NA,NA,NA,NA,NA,NA,NA,24,21.3,16.7,14.8,13.8,16.5,17.4,14.8,13.5,12.9,2012-10-05 15:03:00,16.4,14.8,1,0,NA,NA,NA,NA,NA,NA,NA,NA
"387","2012-10-20",2012-10-20 15:25:00,2012-10-20 17:47:00,2012-10-20 15:25:00,2012-10-20 17:47:00,2012-10-20 15:25:00,2012-10-20 17:47:00,2012-10-20 15:25:00,2012-10-20 17:47:00,25.5,23.5,20.8,17.8,21.9,19.3,19.3,19.1,17.3,18.2,2012-10-20 15:30:00,18.6,17.8,1,0,"15:25","17:47","15:25","17:47","15:25","17:47","15:25","17:47"
"388","2012-10-30",NA,NA,NA,NA,NA,NA,NA,NA,23,20.5,17.4,16.9,18,14.3,15.6,15.7,15.4,16,2012-10-30 19:00:00,15.7,14.6,1,0,NA,NA,NA,NA,NA,NA,NA,NA
"389","2012-10-31",NA,NA,NA,NA,NA,NA,NA,NA,22.8,21.1,17.4,15.9,17.3,17.3,16.6,16,14.7,15.9,2012-10-31 14:00:00,17.4,16,1,1,NA,NA,NA,NA,NA,NA,NA,NA
"390","2012-11-18",2012-11-18 18:30:00,2012-11-18 19:00:00,2012-11-18 18:30:00,2012-11-18 19:00:00,2012-11-18 08:08:00,2012-11-18 19:00:00,2012-11-18 18:30:00,2012-11-18 19:00:00,23.3,21.8,17.3,16.8,19.7,19.4,17.6,16.8,16.3,18.9,2012-11-18 18:30:00,16.6,16.1,1,1,"18:30","19:00","18:30","19:00","08:08","19:00","18:30","19:00"
"391","2012-12-16",NA,NA,NA,NA,NA,NA,NA,NA,27.9,25.4,24,21.4,22.5,19.4,20.4,21.4,20,20.5,2012-12-16 18:30:00,20.8,19.5,1,0,NA,NA,NA,NA,NA,NA,NA,NA
"392","2013-01-28",NA,NA,NA,NA,NA,NA,NA,NA,27.2,24,24.4,23.1,23.2,23,23.4,23.5,22.5,22.2,2013-01-28 20:00:00,23.2,22.2,1,NA,NA,NA,NA,NA,NA,NA,NA,NA
"393","2013-03-16",NA,NA,NA,NA,NA,NA,NA,NA,27,24.5,23.3,21.3,20,19.8,21,21.2,19.9,19.5,2013-03-16 20:00:00,20,19.5,1,0,NA,NA,NA,NA,NA,NA,NA,NA
"394","2013-04-15",NA,NA,NA,NA,NA,NA,NA,NA,24.1,21.3,20.3,18,17.3,18.1,18.6,19,17.7,16.8,2013-04-15 17:00:00,18,17.7,1,0,NA,NA,NA,NA,NA,NA,NA,NA
"395","2013-04-17",2013-04-17 09:15:00,2013-04-17 09:15:00,NA,NA,2013-04-17 09:07:00,2013-04-17 09:22:00,NA,NA,24.3,23,19.3,18.5,18.1,16.8,18.9,18.5,18.2,17.4,2013-04-17 17:50:00,17.8,17.6,1,1,"09:15","09:15",NA,NA,"09:07","09:22",NA,NA
"396","2013-04-23",NA,NA,NA,NA,NA,NA,NA,NA,24.7,22.7,19.3,18.5,16.7,19.1,21.6,18,17,15.8,2013-04-23 09:50:00,22.3,21.8,1,0,NA,NA,NA,NA,NA,NA,NA,NA
"397","2013-05-22",NA,NA,NA,NA,NA,NA,NA,NA,14.5,13.5,13.4,13.1,12.7,11.7,12.2,12.1,12.5,12.3,2013-05-22 19:00:00,11.9,11.5,1,1,NA,NA,NA,NA,NA,NA,NA,NA
"398","2013-06-11",NA,NA,NA,NA,NA,NA,NA,NA,22.1,19.2,17,16.9,16.4,16.3,17.2,16.5,16.6,16.4,2013-06-11 20:30:00,16.7,16.5,1,1,NA,NA,NA,NA,NA,NA,NA,NA
"399","2013-06-12",NA,NA,2013-06-12 18:44:00,2013-06-12 19:41:00,NA,NA,2013-06-12 18:30:00,2013-06-12 19:41:00,20.3,20.3,19.2,17.4,16.2,18.5,18.5,18.4,17.2,16,2013-06-12 18:44:00,17.1,16.9,1,1,NA,NA,"18:44","19:41",NA,NA,"18:30","19:41"
"400","2013-06-21",NA,NA,2013-06-21 16:00:00,2013-06-21 21:30:00,NA,NA,2013-06-21 16:00:00,2013-06-21 21:30:00,13.2,12.7,11.1,10.4,9.7,12.1,11.9,10.5,10.2,9.5,2013-06-21 17:10:00,10.3,10.1,1,1,NA,NA,"16:00","21:30",NA,NA,"16:00","21:30"
"401","2013-07-05",2013-07-05 18:43:00,2013-07-05 19:35:00,2013-07-05 18:43:00,2013-07-05 19:35:00,2013-07-05 18:43:00,2013-07-05 20:00:00,2013-07-05 18:43:00,2013-07-05 20:00:00,21.2,18.3,16.6,14.1,12.2,17.8,16.6,16.1,13.9,12,2013-07-05 19:15:00,12.9,12.7,1,0,"18:43","19:35","18:43","19:35","18:43","20:00","18:43","20:00"
"402","2013-08-02",NA,NA,NA,NA,NA,NA,NA,NA,20.3,16.1,14.6,12.3,11.3,12.7,13.8,13.3,11.5,10.5,2013-08-02 20:00:00,11.3,10.5,1,0,NA,NA,NA,NA,NA,NA,NA,NA
"403","2013-08-11",NA,NA,NA,NA,NA,NA,NA,NA,22.4,16.7,14.5,11.3,10.7,8.9,13.7,12.3,10.5,9.5,2013-08-11 19:50:00,10.3,9.3,1,0,NA,NA,NA,NA,NA,NA,NA,NA
"404","2013-08-13",NA,NA,NA,NA,NA,NA,NA,NA,23,19.6,15.8,14.2,13.1,14.5,15.2,14.4,13.5,12,2013-08-13 12:00:00,16.1,14.9,1,0,NA,NA,NA,NA,NA,NA,NA,NA
"405","2013-08-17",NA,NA,NA,NA,NA,NA,NA,NA,21.2,19.1,16.6,14.5,14.5,14.3,15.5,15.2,14,13.8,2013-08-17 16:00:00,14.6,14.1,1,0,NA,NA,NA,NA,NA,NA,NA,NA
"406","2013-08-25",NA,NA,NA,NA,NA,NA,NA,NA,21.6,17.5,15.1,13.7,12.5,13.4,14.3,13.3,12.8,11.7,2013-08-25 11:30:00,16.2,15,1,0,NA,NA,NA,NA,NA,NA,NA,NA
"407","2013-08-26",NA,NA,NA,NA,NA,NA,NA,NA,21.5,18.1,14.6,12.4,11.9,13.7,15,13.9,11.6,11.5,2013-08-26 17:16:00,12.1,11.7,1,0,NA,NA,NA,NA,NA,NA,NA,NA
"408","2013-08-27",NA,NA,NA,NA,NA,NA,NA,NA,21.9,18.9,15.7,12.1,11.1,14.2,15.3,13.6,11.3,10.5,2013-08-27 16:00:00,13.6,12.9,1,0,NA,NA,NA,NA,NA,NA,NA,NA
"409","2013-08-30",NA,NA,NA,NA,NA,NA,NA,NA,22.4,19.7,18.3,16.1,14,13.8,16.4,15.2,14.2,13.6,2013-08-30 19:39:00,13.7,13.2,1,0,NA,NA,NA,NA,NA,NA,NA,NA
"410","2013-08-31",NA,NA,NA,NA,NA,NA,NA,NA,22.5,20.2,18.6,17.2,16.8,16.2,17.8,17.1,16.7,16.1,2013-08-31 16:00:00,16.9,16,1,0,NA,NA,NA,NA,NA,NA,NA,NA
"411","2013-09-08",NA,NA,NA,NA,NA,NA,NA,NA,22.4,19.6,16.3,14.3,11.9,13.4,14,13.1,11.5,10.9,2013-09-08 20:00:00,11.9,10.9,1,0,NA,NA,NA,NA,NA,NA,NA,NA
"412","2013-09-10",NA,NA,NA,NA,NA,NA,NA,NA,22.8,20.1,17.9,14.2,13,17.3,16.3,15.7,13.8,12.4,2013-09-10 19:30:00,13.2,12.8,1,0,NA,NA,NA,NA,NA,NA,NA,NA
"413","2013-09-14",2013-09-14 19:17:00,2013-09-14 20:21:00,2013-09-14 19:17:00,2013-09-14 20:21:00,2013-09-14 17:13:00,2013-09-14 20:30:00,2013-09-14 17:13:00,2013-09-14 20:30:00,23.9,21.8,17.6,16.8,15.1,19.7,19.1,17.3,16.5,14.9,2013-09-14 19:30:00,15.6,15.3,1,0,"19:17","20:21","19:17","20:21","17:13","20:30","17:13","20:30"
"414","2013-09-18",NA,NA,NA,NA,NA,NA,NA,NA,28.3,21.2,15.9,13.7,13.1,5.7,16.6,15.6,11.4,12,2013-09-18 19:14:00,13.7,12.6,1,0,NA,NA,NA,NA,NA,NA,NA,NA
"415","2013-09-19",NA,NA,NA,NA,NA,NA,NA,NA,26.3,23,19.9,16.2,14,18.6,19.2,18.5,16,8.9,2013-09-19 16:00:00,17,16.5,1,0,NA,NA,NA,NA,NA,NA,NA,NA
"416","2013-09-22",NA,NA,NA,NA,NA,NA,NA,NA,22.2,20.6,16.9,14.9,13.3,14.7,15,14.8,13.6,13.1,2013-09-22 19:14:00,13.5,12.6,1,0,NA,NA,NA,NA,NA,NA,NA,NA
"417","2013-09-23",2013-09-23 19:37:00,2013-09-23 21:15:00,2013-09-23 19:37:00,2013-09-23 21:15:00,2013-09-23 19:30:00,2013-09-23 21:22:00,2013-09-23 19:30:00,2013-09-23 21:22:00,24.3,20.5,18.6,15.2,14.6,17.2,16.9,16.9,14.7,14.4,2013-09-23 19:42:00,14.1,13.7,1,0,"19:37","21:15","19:37","21:15","19:30","21:22","19:30","21:22"
"418","2013-09-25",NA,NA,NA,NA,NA,NA,NA,NA,26.9,22.2,19.2,19.3,19.5,16,18,18.7,18.7,18.9,2013-09-25 19:30:00,19.7,19.1,1,0,NA,NA,NA,NA,NA,NA,NA,NA
"419","2013-09-30",NA,NA,NA,NA,NA,NA,NA,NA,23.7,21.7,22,20.5,19.4,17.8,18.8,20.1,18.9,18.4,2013-09-30 19:15:00,17.8,17.3,1,0,NA,NA,NA,NA,NA,NA,NA,NA
"420","2013-12-12",NA,NA,NA,NA,NA,NA,NA,NA,24.1,23.4,20.6,18.8,20.1,21.5,19.5,18.5,18,18.7,2013-12-12 17:30:00,19.3,18.7,1,1,NA,NA,NA,NA,NA,NA,NA,NA
"421","2014-03-28",NA,NA,NA,NA,2014-03-28 20:00:00,2014-03-28 20:00:00,2014-03-28 20:00:00,2014-03-28 20:00:00,24.9,24.6,23.8,22.3,21.7,22.4,22.7,22.5,21.7,21.4,2014-03-28 20:00:00,21.7,21.4,1,1,NA,NA,NA,NA,"20:00","20:00","20:00","20:00"
"422","2014-03-29",NA,NA,NA,NA,NA,NA,NA,NA,30.3,25.9,24.5,22.5,22.7,21.2,23.1,23.2,21.9,22.2,2014-03-29 20:00:00,22.7,22.2,1,1,NA,NA,NA,NA,NA,NA,NA,NA
"423","2014-04-10",NA,NA,NA,NA,NA,NA,NA,NA,25.6,21.8,18.6,17.7,16,16.3,15.4,15.7,15.5,15,2014-04-10 20:00:00,16,15,1,0,NA,NA,NA,NA,NA,NA,NA,NA
"424","2014-04-21",NA,NA,NA,NA,NA,NA,NA,NA,25.7,22.6,18.1,17.3,16.1,15.4,16.7,16.1,16.1,15.2,2014-04-21 16:45:00,17.1,15.7,1,0,NA,NA,NA,NA,NA,NA,NA,NA
"425","2014-04-23",NA,NA,NA,NA,NA,NA,NA,NA,25.9,22.1,18.1,16.9,15.5,12.8,17.4,16.9,16.1,14.6,2014-04-23 13:39:00,18.1,16.6,1,0,NA,NA,NA,NA,NA,NA,NA,NA
"426","2014-05-10",NA,NA,NA,NA,NA,NA,NA,NA,19.5,18.2,15.4,14.1,13.6,14.7,15.5,14.3,13.6,12.9,2014-05-10 13:17:00,15.1,14.2,1,1,NA,NA,NA,NA,NA,NA,NA,NA
"427","2014-05-22",NA,NA,NA,NA,NA,NA,NA,NA,22.5,20.6,19.5,17.5,16.2,16.6,17.3,17.4,16.1,15.7,2014-05-22 20:00:00,16.2,15.7,1,1,NA,NA,NA,NA,NA,NA,NA,NA
"428","2014-05-23",NA,NA,NA,NA,NA,NA,NA,NA,23,20.2,18.6,17.5,17.1,15.5,17.2,17.8,16.8,16.8,2014-05-23 18:00:00,17.3,16.6,1,0,NA,NA,NA,NA,NA,NA,NA,NA
"429","2014-05-24",NA,NA,NA,NA,NA,NA,NA,NA,25.8,21.9,15.8,14.1,13.9,11.8,15.3,14.2,12.8,12,2014-05-24 10:30:00,18.5,16.3,1,0,NA,NA,NA,NA,NA,NA,NA,NA
"430","2014-05-26",NA,NA,NA,NA,NA,NA,NA,NA,25,19.3,15.5,14.5,14.4,11.1,17.3,14.8,13.8,13.3,2014-05-26 10:20:00,17.5,16.8,1,0,NA,NA,NA,NA,NA,NA,NA,NA
"431","2014-05-27",NA,NA,NA,NA,NA,NA,NA,NA,23.7,20.3,18.1,16.8,14.6,16.3,18,16.2,15.8,14.4,2014-05-27 19:00:00,15.5,14.6,1,0,NA,NA,NA,NA,NA,NA,NA,NA
"432","2014-05-28",NA,NA,NA,NA,NA,NA,NA,NA,24.3,21.3,18.7,15.4,14,17.9,19.1,17.2,14.7,13.5,2014-05-28 20:30:00,15.4,14.9,1,0,NA,NA,NA,NA,NA,NA,NA,NA
"433","2014-05-31",2014-05-31 21:05:00,2014-05-31 21:05:00,2014-05-31 21:05:00,2014-05-31 21:05:00,2014-05-31 21:05:00,2014-05-31 21:46:00,2014-05-31 21:05:00,2014-05-31 21:46:00,21.3,20.5,17.3,14.4,14.3,16.3,16,15.9,13.9,13.9,2014-05-31 21:05:00,14.1,13.9,1,1,"21:05","21:05","21:05","21:05","21:05","21:46","21:05","21:46"
"434","2014-06-02",2014-06-02 20:00:00,2014-06-02 21:14:00,2014-06-02 20:00:00,2014-06-02 21:14:00,2014-06-02 20:00:00,2014-06-02 21:30:00,2014-06-02 20:00:00,2014-06-02 21:30:00,23.3,19.7,18.6,17.3,16.6,14.7,17.2,16.9,16.6,16.3,2014-06-02 20:08:00,16.6,16.3,1,0,"20:00","21:14","20:00","21:14","20:00","21:30","20:00","21:30"
"435","2014-06-03",NA,NA,NA,NA,NA,NA,NA,NA,23.2,19.9,16.3,16.9,15.6,17.4,17.6,15.6,15.2,13.8,2014-06-03 12:30:00,17.1,16.1,1,1,NA,NA,NA,NA,NA,NA,NA,NA
"436","2014-06-20",NA,NA,NA,NA,NA,NA,NA,NA,20.5,16.4,15,15,15.1,14.5,15,14.5,14.5,14.6,2014-06-20 18:30:00,14.8,14.4,1,1,NA,NA,NA,NA,NA,NA,NA,NA
"437","2014-06-21",2014-06-21 18:39:00,2014-06-21 18:39:00,2014-06-21 18:39:00,2014-06-21 18:39:00,2014-06-21 18:39:00,2014-06-21 18:52:00,2014-06-21 18:39:00,2014-06-21 18:52:00,22.1,17.3,16.4,15.3,13.4,14.8,15.8,13,14.6,13.2,2014-06-21 18:39:00,13.8,13.6,1,1,"18:39","18:39","18:39","18:39","18:39","18:52","18:39","18:52"
"438","2014-07-15",NA,NA,NA,NA,NA,NA,NA,NA,19.2,17.4,13,11,11.5,12.6,11.9,11.9,10.2,10.5,2014-07-15 17:00:00,11,10.2,1,1,NA,NA,NA,NA,NA,NA,NA,NA
"439","2014-07-16",NA,NA,NA,NA,2014-07-16 03:53:00,2014-07-16 04:00:00,NA,NA,16.9,15.4,12,11.2,8.3,15.9,14.7,11.4,10.2,7.9,2014-07-16 08:30:00,15.1,14.6,1,1,NA,NA,NA,NA,"03:53","04:00",NA,NA
"440","2014-07-24",NA,NA,NA,NA,NA,NA,NA,NA,20.7,17.3,11.5,10.9,11,11.2,12.6,10.7,9.9,9.8,2014-07-24 11:00:00,14.3,12.6,1,0,NA,NA,NA,NA,NA,NA,NA,NA
"441","2014-07-25",2014-07-25 16:00:00,2014-07-25 16:30:00,2014-07-25 16:00:00,2014-07-25 16:30:00,2014-07-25 16:00:00,2014-07-25 16:30:00,2014-07-25 16:00:00,2014-07-25 16:30:00,21.4,16.3,14.6,12.3,13.4,14,14.2,14.1,11.9,12.8,2014-07-25 16:00:00,12.8,12.4,1,0,"16:00","16:30","16:00","16:30","16:00","16:30","16:00","16:30"
"442","2014-07-26",NA,NA,NA,NA,NA,NA,NA,NA,19.5,17.2,15.7,13.4,11.9,14.3,15.5,14.8,13.4,11.9,2014-07-26 15:00:00,14.7,14,1,1,NA,NA,NA,NA,NA,NA,NA,NA
"443","2014-07-30",2014-07-30 12:24:00,2014-07-30 13:30:00,2014-07-30 12:24:00,2014-07-30 13:30:00,2014-07-30 12:10:00,2014-07-30 13:30:00,2014-07-30 12:10:00,2014-07-30 13:30:00,21.8,16.1,10.3,9,7.1,6.1,14.3,10.1,7.5,4.1,2014-07-30 12:24:00,12.1,12.1,1,NA,"12:24","13:30","12:24","13:30","12:10","13:30","12:10","13:30"
"444","2014-07-31",NA,NA,NA,NA,NA,NA,NA,NA,21.2,17.9,16.2,14.8,12.8,14.7,14.6,13,13,11.7,2014-07-31 18:50:00,13.4,12.5,1,NA,NA,NA,NA,NA,NA,NA,NA,NA
"445","2014-08-07",NA,NA,NA,NA,NA,NA,NA,NA,20.7,17.5,12,11,9.3,6.8,10.1,9,6.3,6.2,2014-08-07 19:20:00,9.2,6.4,1,0,NA,NA,NA,NA,NA,NA,NA,NA
"446","2014-08-31",NA,NA,NA,NA,NA,NA,NA,NA,21.9,18.8,15.2,14.5,13.6,10.6,13.9,13.8,13.2,13.1,2014-08-31 19:30:00,14,13.3,1,0,NA,NA,NA,NA,NA,NA,NA,NA
"447","2014-09-09",NA,NA,NA,NA,NA,NA,NA,NA,21,17.5,16.1,14.2,13.5,14.3,14.7,15.1,13.8,12.8,2014-09-09 15:00:00,15.4,14.5,1,1,NA,NA,NA,NA,NA,NA,NA,NA
"448","2014-09-10",2014-09-10 15:30:00,2014-09-10 15:30:00,2014-09-10 15:30:00,2014-09-10 15:30:00,2014-09-10 15:30:00,2014-09-10 15:30:00,2014-09-10 15:30:00,2014-09-10 15:30:00,21.6,20.3,15.8,13.5,11,17.7,17.7,15.5,13.1,10.2,2014-09-10 15:30:00,14,13.8,1,0,"15:30","15:30","15:30","15:30","15:30","15:30","15:30","15:30"
"449","2014-09-11",NA,NA,NA,NA,NA,NA,NA,NA,23.2,19.8,15.2,14,13.4,10.5,15.8,14.5,13.6,12.8,2014-09-11 10:00:00,17.9,16.4,1,1,NA,NA,NA,NA,NA,NA,NA,NA
"450","2014-09-15",NA,NA,NA,NA,NA,NA,NA,NA,21.9,19.6,18.1,14.4,13.5,13.8,16.1,14.3,13.1,12.4,2014-09-15 17:21:00,13.8,12.5,1,0,NA,NA,NA,NA,NA,NA,NA,NA
"451","2014-09-17",NA,NA,NA,NA,NA,NA,NA,NA,23.9,20.7,18.2,15.9,12.9,13.2,12.3,2.8,3.1,5.4,2014-09-17 11:00:00,17.2,15,1,1,NA,NA,NA,NA,NA,NA,NA,NA
"452","2014-09-26",NA,NA,NA,NA,NA,NA,NA,NA,22.9,20.3,18.4,16.6,14.5,14,13.1,13.5,13,13,2014-09-26 18:00:00,15,12.8,1,1,NA,NA,NA,NA,NA,NA,NA,NA
"453","2014-10-05",NA,NA,NA,NA,NA,NA,NA,NA,23.6,20.7,17,15.1,13.9,13.4,14.5,14.2,13.5,12.6,2014-10-05 16:50:00,14.6,13,1,0,NA,NA,NA,NA,NA,NA,NA,NA
"454","2014-10-06",NA,NA,NA,NA,NA,NA,NA,NA,24.4,20.5,17.1,15.2,14.4,11.7,14.9,14.3,13,12.8,2014-10-06 17:14:00,14.6,12.8,1,0,NA,NA,NA,NA,NA,NA,NA,NA
"455","2014-10-07",NA,NA,NA,NA,NA,NA,NA,NA,23.9,21.8,20.2,17.2,16.8,16.4,17.8,18.1,16.4,16.1,2014-10-07 18:53:00,16.1,15.4,1,0,NA,NA,NA,NA,NA,NA,NA,NA
"456","2014-11-06",NA,NA,NA,NA,NA,NA,NA,NA,24.8,23.1,21.8,20.8,20.8,18.1,18.5,19.3,19.4,19.9,2014-11-06 18:30:00,19.5,18.9,1,1,NA,NA,NA,NA,NA,NA,NA,NA
"457","2014-12-30",NA,NA,NA,NA,NA,NA,NA,NA,30.6,28.3,25.3,24.3,24.9,23.8,23.2,24.3,23.3,23.1,2014-12-30 14:00:00,25.3,24.3,1,1,NA,NA,NA,NA,NA,NA,NA,NA
"458","2015-01-16",NA,NA,NA,NA,NA,NA,NA,NA,29.5,27.8,25.6,24.4,24.7,22,22.6,23.9,23.5,23.7,2015-01-16 17:00:00,24.4,23.5,1,0,NA,NA,NA,NA,NA,NA,NA,NA
"459","2015-04-24",NA,NA,NA,NA,NA,NA,NA,NA,24.7,20.5,18.3,16.6,15.3,15.8,16.9,16.1,15,13.3,2015-04-24 20:00:00,15.3,13.3,1,0,NA,NA,NA,NA,NA,NA,NA,NA
"460","2015-05-03",NA,NA,NA,NA,NA,NA,NA,NA,23.5,20.3,17.2,16.1,16.4,15.1,16.3,16.2,15.6,15.4,2015-05-03 20:13:00,16.5,15.6,1,0,NA,NA,NA,NA,NA,NA,NA,NA
"461","2015-05-05",NA,NA,NA,NA,NA,NA,NA,NA,24.8,21.3,18.8,16.7,16.1,17.4,18.4,18,15.8,15.4,2015-05-05 18:00:00,16.4,16.1,1,0,NA,NA,NA,NA,NA,NA,NA,NA
"462","2015-05-19",2015-05-19 15:15:00,2015-05-19 19:00:00,2015-05-19 15:15:00,2015-05-19 19:00:00,2015-05-19 15:15:00,2015-05-19 21:00:00,2015-05-19 15:15:00,2015-05-19 21:00:00,21.6,19.4,17.1,16.5,17.1,17.5,18.3,16.9,16.3,17.1,2015-05-19 18:30:00,15.9,15.9,1,1,"15:15","19:00","15:15","19:00","15:15","21:00","15:15","21:00"
"463","2015-05-20",2015-05-20 17:30:00,2015-05-20 20:00:00,2015-05-20 17:30:00,2015-05-20 20:00:00,2015-05-20 17:30:00,2015-05-20 22:00:00,2015-05-20 17:30:00,2015-05-20 22:00:00,22.9,20,19,18.1,17.5,18.4,18.7,18.5,17.9,17.3,2015-05-20 18:39:00,17.1,16.9,1,1,"17:30","20:00","17:30","20:00","17:30","22:00","17:30","22:00"
"464","2015-05-28",NA,NA,NA,NA,NA,NA,NA,NA,22.1,17.9,14.8,14.4,14,14.8,16.6,14.3,14,13.1,2015-05-28 09:12:00,17.7,16.7,1,0,NA,NA,NA,NA,NA,NA,NA,NA
"465","2015-05-29",2015-05-29 18:43:00,2015-05-29 19:39:00,2015-05-29 18:43:00,2015-05-29 19:39:00,2015-05-29 18:30:00,2015-05-29 19:39:00,2015-05-29 18:30:00,2015-05-29 19:39:00,22.9,19.2,17.4,15.6,15.2,17.6,17.9,16.9,15.4,15,2015-05-29 18:48:00,15.7,15.4,1,1,"18:43","19:39","18:43","19:39","18:30","19:39","18:30","19:39"
"466","2015-05-30",NA,NA,NA,NA,NA,NA,NA,NA,24.3,19.4,18.1,17.3,16.1,17.2,17.9,17.8,17,15.8,2015-05-30 12:00:00,18.3,17.8,1,1,NA,NA,NA,NA,NA,NA,NA,NA
"467","2015-06-17",2015-06-17 14:44:00,2015-06-17 23:00:00,2015-06-17 14:44:00,2015-06-17 23:00:00,2015-06-17 14:44:00,2015-06-17 23:00:00,2015-06-17 14:44:00,2015-06-17 23:00:00,18,17.1,13.7,NA,12.1,15.8,16.3,13.7,NA,11.9,2015-06-17 19:30:00,12.4,12.4,1,1,"14:44","23:00","14:44","23:00","14:44","23:00","14:44","23:00"
"468","2015-06-24",NA,NA,NA,NA,2015-06-24 22:30:00,2015-06-24 22:30:00,2015-06-24 22:30:00,2015-06-24 22:30:00,17.5,16,13.5,12.3,11.8,14.4,14.1,12.9,11.7,11,2015-06-24 22:30:00,12.9,12.3,1,1,NA,NA,NA,NA,"22:30","22:30","22:30","22:30"
"469","2015-07-04",NA,NA,NA,NA,NA,NA,NA,NA,19.5,14.8,10.5,10,9.6,11,12.4,10.3,9.8,9,2015-07-04 13:00:00,11.3,10.7,1,0,NA,NA,NA,NA,NA,NA,NA,NA
"470","2015-07-10",NA,NA,NA,NA,NA,NA,NA,NA,17.4,15.4,12.6,10.3,11.3,12.5,13,11.7,10.1,10.9,2015-07-10 14:30:00,11.9,11.3,1,1,NA,NA,NA,NA,NA,NA,NA,NA
"471","2015-07-23",NA,NA,2015-07-23 19:48:00,2015-07-23 21:30:00,NA,NA,2015-07-23 19:25:00,2015-07-23 21:30:00,20.8,17.5,15,13.9,15,16.3,16.3,14.6,13.7,15,2015-07-23 21:00:00,15.6,15.4,1,1,NA,NA,"19:48","21:30",NA,NA,"19:25","21:30"
"472","2015-07-30",2015-07-30 19:04:00,2015-07-30 19:04:00,2015-07-30 19:04:00,2015-07-30 19:04:00,2015-07-30 19:04:00,2015-07-30 19:04:00,2015-07-30 19:04:00,2015-07-30 19:04:00,20,15.5,11.7,11.1,8.8,10.8,13.1,10.9,10.5,8.2,2015-07-30 19:04:00,9.8,9.6,1,0,"19:04","19:04","19:04","19:04","19:04","19:04","19:04","19:04"
"473","2015-07-31",NA,NA,NA,NA,NA,NA,NA,NA,22.9,16.2,12.9,10.6,9.7,6.4,12.6,12.3,9.4,6.7,2015-07-31 13:30:00,12.3,11.7,1,0,NA,NA,NA,NA,NA,NA,NA,NA
"474","2015-08-01",NA,NA,NA,NA,NA,NA,NA,NA,20.8,16.3,13.3,10.5,9.9,11.6,13.6,12.2,10.1,9.3,2015-08-01 15:00:00,11.9,11.5,1,0,NA,NA,NA,NA,NA,NA,NA,NA
"475","2015-08-02",NA,NA,NA,NA,NA,NA,NA,NA,21.7,18.4,15,13.8,12.2,14.7,15.5,13.6,12.3,11.6,2015-08-02 19:00:00,12.1,11.5,1,1,NA,NA,NA,NA,NA,NA,NA,NA
"476","2015-08-10",NA,NA,NA,NA,NA,NA,NA,NA,20,17,12.2,11.2,8.5,13.3,14.6,11.8,9.4,7.4,2015-08-10 12:30:00,13.6,13.1,1,0,NA,NA,NA,NA,NA,NA,NA,NA
"477","2015-08-17",NA,NA,NA,NA,NA,NA,NA,NA,20.1,16.4,12.8,11.9,9.8,9.1,14.5,12.1,10.7,8.1,2015-08-17 13:00:00,13.1,12.5,1,0,NA,NA,NA,NA,NA,NA,NA,NA
"478","2015-08-22",NA,NA,NA,NA,NA,NA,NA,NA,21.6,19.2,16.6,15.9,15.9,16.5,17,16.3,15.6,15.6,2015-08-22 13:30:00,16.6,16.4,1,1,NA,NA,NA,NA,NA,NA,NA,NA
"479","2015-08-26",NA,NA,NA,NA,NA,NA,NA,NA,24.3,19.3,16.1,16.8,15.4,13.3,17.2,15.2,12.6,12.5,2015-08-26 12:00:00,18.6,17.4,1,0,NA,NA,NA,NA,NA,NA,NA,NA
"480","2015-09-06",NA,NA,NA,NA,NA,NA,NA,NA,21.5,19.5,18,16.5,14.7,13.9,14.9,16,14.8,14.2,2015-09-06 20:00:00,14.7,14.2,1,0,NA,NA,NA,NA,NA,NA,NA,NA
"481","2015-09-15",NA,NA,NA,NA,NA,NA,NA,NA,22.1,19.2,17.1,14.4,13.2,15,15.5,14.5,13.3,12.3,2015-09-15 19:00:00,13.7,13,1,1,NA,NA,NA,NA,NA,NA,NA,NA
"482","2015-09-16",NA,NA,NA,NA,2015-09-16 10:00:00,2015-09-16 23:36:00,NA,NA,23.3,21.4,17.3,16.6,16.7,17.1,18,16.6,15.6,15.7,2015-09-16 14:30:00,17,16.5,1,1,NA,NA,NA,NA,"10:00","23:36",NA,NA
"483","2015-09-17",NA,NA,NA,NA,NA,NA,NA,NA,19.2,16.9,15.3,14,12.1,17.7,15.4,15,12.1,8.2,2015-09-17 14:00:00,15.3,15,1,1,NA,NA,NA,NA,NA,NA,NA,NA
"484","2015-09-29",NA,NA,NA,NA,NA,NA,NA,NA,18.9,16.5,14,12.8,11.4,10.3,14.2,12.7,11.9,10.8,2015-09-29 18:30:00,11.9,11.5,1,1,NA,NA,NA,NA,NA,NA,NA,NA
"485","2015-09-30",NA,NA,NA,NA,NA,NA,NA,NA,22.3,20.3,16.5,14.8,13.4,17.1,14.3,15.3,13.4,12.7,2015-09-30 19:17:00,13.5,12.4,1,1,NA,NA,NA,NA,NA,NA,NA,NA
"486","2015-10-01",NA,NA,NA,NA,NA,NA,NA,NA,23.7,19.7,17,14.8,15.4,14.7,16.2,16.1,14.3,13.6,2015-10-01 14:00:00,17,16.1,1,0,NA,NA,NA,NA,NA,NA,NA,NA
"487","2015-10-02",NA,NA,NA,NA,NA,NA,NA,NA,26.7,22.1,17.5,16.2,16.5,5.9,11.4,14,11.9,13.1,2015-10-02 11:00:00,18,16,1,0,NA,NA,NA,NA,NA,NA,NA,NA
"488","2015-10-04",NA,NA,NA,NA,NA,NA,NA,NA,24.8,19.9,15.7,14.8,13.6,14.7,16,14.3,13.2,11.5,2015-10-04 14:30:00,15.3,14.1,1,0,NA,NA,NA,NA,NA,NA,NA,NA
"489","2015-10-05",2015-10-05 19:45:00,2015-10-05 20:00:00,2015-10-05 19:45:00,2015-10-05 20:00:00,2015-10-05 19:37:00,2015-10-05 21:00:00,2015-10-05 19:37:00,2015-10-05 21:00:00,27.5,22,16.3,14.6,16.7,11.6,16.9,15.6,14.4,16.5,2015-10-05 20:00:00,16.7,16.5,1,0,"19:45","20:00","19:45","20:00","19:37","21:00","19:37","21:00"
"490","2015-10-06",NA,NA,NA,NA,NA,NA,NA,NA,28.2,20.9,17.4,15.2,15.5,8.3,14.5,15.5,14.1,12.8,2015-10-06 15:30:00,15.9,14.5,1,0,NA,NA,NA,NA,NA,NA,NA,NA
"491","2015-10-22",NA,NA,NA,NA,2015-10-22 06:41:00,2015-10-22 06:41:00,NA,NA,24.6,21.7,19.6,18.7,18.8,19.1,20.1,18.6,18.5,18.3,2015-10-22 17:00:00,18.7,18.5,1,1,NA,NA,NA,NA,"06:41","06:41",NA,NA
"492","2015-11-03",NA,NA,NA,NA,NA,NA,NA,NA,25.4,23.5,21.5,20.6,21.1,20.3,20.7,20.3,18.8,19.7,2015-11-03 19:00:00,19.6,19.1,1,NA,NA,NA,NA,NA,NA,NA,NA,NA
"493","2015-11-06",NA,NA,NA,NA,NA,NA,NA,NA,25.1,23.8,23.3,21.7,21.6,21,21.2,21.5,20.6,20.5,2015-11-06 18:30:00,20.7,19.4,1,NA,NA,NA,NA,NA,NA,NA,NA,NA
"494","2016-01-28",NA,NA,NA,NA,NA,NA,NA,NA,28.6,26.4,24.5,23.2,23,22.9,23.5,23.8,22.6,22.3,2016-01-28 19:30:00,22.5,22.2,1,1,NA,NA,NA,NA,NA,NA,NA,NA
"495","2016-04-06",NA,NA,NA,NA,NA,NA,NA,NA,26.9,24.3,20.7,18.7,18.7,16.7,17.7,18.3,17.7,17.2,2016-04-06 15:00:00,19.5,18.2,1,0,NA,NA,NA,NA,NA,NA,NA,NA
"496","2016-04-09",NA,NA,NA,NA,NA,NA,NA,NA,27.1,23.4,21.3,20.5,19.3,18.3,19.1,19.2,18.9,18.3,2016-04-09 19:55:00,19.4,18.4,1,0,NA,NA,NA,NA,NA,NA,NA,NA
"497","2016-05-01",NA,NA,NA,NA,NA,NA,NA,NA,22,21.3,19.8,20.1,19.7,20.3,20.5,19.5,19.6,19.2,2016-05-01 16:00:00,19.2,19,1,1,NA,NA,NA,NA,NA,NA,NA,NA
"498","2016-05-02",NA,NA,NA,NA,2016-05-02 14:00:00,2016-05-02 21:42:00,2016-05-02 21:42:00,2016-05-02 21:42:00,24.9,23,21.7,21.2,19.5,19.6,20.9,20.9,20.6,19,2016-05-02 21:42:00,19.3,19,1,1,NA,NA,NA,NA,"14:00","21:42","21:42","21:42"
"499","2016-05-08",NA,NA,NA,NA,NA,NA,NA,NA,24.2,22.5,18.6,19.6,18.5,18.3,18.5,17.8,18.8,18.2,2016-05-08 20:00:00,18.5,18.2,1,0,NA,NA,NA,NA,NA,NA,NA,NA
"500","2016-05-14",NA,NA,NA,NA,NA,NA,NA,NA,24.1,20.8,16.1,14.6,13,14.8,17,15.2,14.1,12.6,2016-05-14 12:00:00,16.8,15.6,1,0,NA,NA,NA,NA,NA,NA,NA,NA
"501","2016-05-16",NA,NA,NA,NA,NA,NA,NA,NA,24.4,19.3,16.2,14.2,14.4,12.5,15.4,14.8,13.8,13.5,2016-05-16 16:00:00,15.5,14.6,1,1,NA,NA,NA,NA,NA,NA,NA,NA
"502","2016-05-17",NA,NA,NA,NA,NA,NA,NA,NA,24.8,20.9,17.4,14.7,15.1,16.3,17.8,16.6,14.2,13.9,2016-05-17 14:21:00,17.2,16.4,1,0,NA,NA,NA,NA,NA,NA,NA,NA
"503","2016-05-18",NA,NA,NA,NA,NA,NA,NA,NA,24.3,20.9,17,15.5,15,16.8,18.2,16.5,15,14.5,2016-05-18 13:30:00,17.5,17,1,0,NA,NA,NA,NA,NA,NA,NA,NA
"504","2016-05-19",NA,NA,NA,NA,NA,NA,NA,NA,24.7,20.6,16.5,14.9,15,16.4,18,16,13.5,6.8,2016-05-19 10:00:00,19.9,18.8,1,0,NA,NA,NA,NA,NA,NA,NA,NA
"505","2016-05-25",NA,NA,NA,NA,NA,NA,NA,NA,23,17.7,14,10.4,7.9,5.5,10.4,8.6,8.3,5.7,2016-05-25 18:08:00,9.9,8.7,1,0,NA,NA,NA,NA,NA,NA,NA,NA
"506","2016-06-17",NA,NA,NA,NA,NA,NA,NA,NA,22,18,14.9,14.1,13.6,12.9,15.1,14.4,13.6,12.9,2016-06-17 15:30:00,14.3,13.9,1,0,NA,NA,NA,NA,NA,NA,NA,NA
"507","2016-06-30",NA,NA,NA,NA,NA,NA,NA,NA,20.7,14.6,14.1,13,11.1,10.6,12,11.9,11.7,10.5,2016-06-30 20:00:00,11.1,10.5,1,0,NA,NA,NA,NA,NA,NA,NA,NA
"508","2016-07-18",2016-07-18 18:30:00,2016-07-18 22:30:00,2016-07-18 18:30:00,2016-07-18 22:30:00,2016-07-18 18:30:00,2016-07-18 23:00:00,2016-07-18 18:30:00,2016-07-18 23:00:00,21.6,18.7,17.8,15.2,15.6,15.7,16.5,16.8,15,15.4,2016-07-18 19:00:00,15.3,15.1,1,1,"18:30","22:30","18:30","22:30","18:30","23:00","18:30","23:00"
"509","2016-07-19",NA,NA,NA,NA,NA,NA,NA,NA,21.8,17.3,15.3,14.6,13.4,13.9,15.1,14.6,14.1,13,2016-07-19 12:10:00,15.9,14.9,1,0,NA,NA,NA,NA,NA,NA,NA,NA
"510","2016-07-20",NA,NA,NA,NA,NA,NA,NA,NA,21.6,19.1,17.8,15.9,15.6,17.2,17.3,16.5,15.4,15.1,2016-07-20 17:54:00,15.7,15.5,1,1,NA,NA,NA,NA,NA,NA,NA,NA
"511","2016-07-21",2016-07-21 19:26:00,2016-07-21 19:30:00,2016-07-21 19:26:00,2016-07-21 19:30:00,2016-07-21 19:00:00,2016-07-21 19:30:00,2016-07-21 19:00:00,2016-07-21 19:30:00,22.7,19,18.8,16.4,16.2,17,17.9,17.8,16.2,16,2016-07-21 19:26:00,15.9,15.9,1,1,"19:26","19:30","19:26","19:30","19:00","19:30","19:00","19:30"
"512","2016-07-29",NA,NA,NA,NA,NA,NA,NA,NA,21,14.8,11.4,9.7,8.8,6,11,9.2,8.7,6.6,2016-07-29 17:00:00,9.7,8.7,1,0,NA,NA,NA,NA,NA,NA,NA,NA
"513","2016-07-31",NA,NA,NA,NA,NA,NA,NA,NA,21.5,16.4,12.6,10.9,9.5,9.3,12.6,10.1,9.5,6.7,2016-07-31 17:30:00,10.4,9.2,1,0,NA,NA,NA,NA,NA,NA,NA,NA
"514","2016-08-01",NA,NA,NA,NA,NA,NA,NA,NA,22.7,16.4,14.1,13.8,13.6,7.8,13.9,12.4,12.7,11.3,2016-08-01 17:14:00,13.6,12.9,1,0,NA,NA,NA,NA,NA,NA,NA,NA
"515","2016-08-09",NA,NA,NA,NA,NA,NA,NA,NA,20.4,17.2,12.6,11.8,10.8,8.5,11.9,10.3,10.2,9.6,2016-08-09 20:00:00,10.8,9.6,1,0,NA,NA,NA,NA,NA,NA,NA,NA
"516","2016-08-10",NA,NA,NA,NA,NA,NA,NA,NA,21.7,18.3,16.7,13.3,11.2,13.3,14.7,13.5,12.4,10.6,2016-08-10 17:00:00,13.3,12.4,1,0,NA,NA,NA,NA,NA,NA,NA,NA
"517","2016-08-12",NA,NA,NA,NA,NA,NA,NA,NA,20.3,17.7,12.4,12.4,10.8,11.4,13.2,11.4,11.4,10,2016-08-12 13:00:00,13,12.1,1,1,NA,NA,NA,NA,NA,NA,NA,NA
"518","2016-08-19",NA,NA,NA,NA,NA,NA,NA,NA,21.2,17,16.2,14.6,13.3,9.9,13.6,14.3,13.3,12.6,2016-08-19 20:00:00,13.3,12.6,1,1,NA,NA,NA,NA,NA,NA,NA,NA
"519","2016-09-21",2016-09-21 08:23:00,2016-09-21 09:00:00,2016-09-21 08:23:00,2016-09-21 09:00:00,2016-09-21 06:17:00,2016-09-21 09:00:00,2016-09-21 08:23:00,2016-09-21 09:00:00,20.5,18.9,18.3,17.7,15.2,18.2,18.1,17.5,13.6,10.2,2016-09-21 08:23:00,18.2,17.7,1,1,"08:23","09:00","08:23","09:00","06:17","09:00","08:23","09:00"
"520","2016-10-08",NA,NA,NA,NA,NA,NA,NA,NA,24.4,21.8,18.8,16.9,18.1,18,18.9,17.8,16.2,15.2,2016-10-08 17:10:00,16.7,16,1,0,NA,NA,NA,NA,NA,NA,NA,NA
"521","2016-11-01",NA,NA,NA,NA,NA,NA,NA,NA,22.3,21.9,19.8,15.4,17.3,21.1,20.8,19.3,7.8,7.3,2016-11-01 12:30:00,21,20.5,1,1,NA,NA,NA,NA,NA,NA,NA,NA
"522","2016-11-05",2016-11-05 14:00:00,2016-11-05 14:00:00,2016-11-05 14:00:00,2016-11-05 14:00:00,2016-11-05 14:00:00,2016-11-05 14:00:00,2016-11-05 14:00:00,2016-11-05 14:00:00,26.6,24.2,18.8,20.1,19.1,19.8,19.7,18.2,15.2,17,2016-11-05 14:00:00,18.8,18.2,1,0,"14:00","14:00","14:00","14:00","14:00","14:00","14:00","14:00"
"523","2016-11-23",NA,NA,NA,NA,NA,NA,NA,NA,26.5,24,22,20.3,21.7,19.2,20.1,20.1,19.4,19.7,2016-11-23 18:30:00,20.2,18.9,1,0,NA,NA,NA,NA,NA,NA,NA,NA
"524","2017-04-09",NA,NA,NA,NA,NA,NA,NA,NA,24.2,22.5,19.4,18,16.4,16.7,18.5,18.3,17.5,16.1,2017-04-09 21:41:00,19,18.4,1,0,NA,NA,NA,NA,NA,NA,NA,NA
"525","2017-04-25",NA,NA,NA,NA,NA,NA,NA,NA,24.5,20.4,18.8,18,17.3,15.7,17.5,16.8,16.1,15.8,2017-04-25 18:30:00,16.9,16.1,1,0,NA,NA,NA,NA,NA,NA,NA,NA
"526","2017-05-14",2017-05-14 17:00:00,2017-05-14 22:00:00,2017-05-14 17:00:00,2017-05-14 22:00:00,2017-05-14 17:00:00,2017-05-14 22:00:00,2017-05-14 17:00:00,2017-05-14 22:00:00,20,18.8,16,16.4,15.7,16.3,17.7,15.7,16.2,15.7,2017-05-14 20:00:00,15.7,15.7,1,1,"17:00","22:00","17:00","22:00","17:00","22:00","17:00","22:00"
"527","2017-05-20",2017-05-20 17:08:00,2017-05-20 22:00:00,2017-05-20 17:08:00,2017-05-20 22:00:00,2017-05-20 17:08:00,2017-05-20 22:05:00,2017-05-20 17:08:00,2017-05-20 22:05:00,21.6,18.8,16.7,15.6,16.6,17.5,17.5,16.2,15.4,16.6,2017-05-20 17:30:00,16.2,16.2,1,1,"17:08","22:00","17:08","22:00","17:08","22:05","17:08","22:05"
"528","2017-05-21",NA,NA,2017-05-21 19:51:00,2017-05-21 20:00:00,NA,NA,2017-05-21 18:13:00,2017-05-21 20:00:00,23.5,20.6,17.1,16.2,16.1,17.4,17.8,16.8,15.9,15.9,2017-05-21 19:51:00,16,15.8,1,1,NA,NA,"19:51","20:00",NA,NA,"18:13","20:00"
"529","2017-05-23",2017-05-23 18:11:00,2017-05-23 21:21:00,2017-05-23 18:11:00,2017-05-23 21:21:00,2017-05-23 14:30:00,2017-05-23 22:00:00,2017-05-23 14:30:00,2017-05-23 22:00:00,23.9,20.8,17,15.7,16.2,15.8,17.7,16.5,15.5,16,2017-05-23 18:30:00,16.2,16,1,1,"18:11","21:21","18:11","21:21","14:30","22:00","14:30","22:00"
"530","2017-05-24",NA,NA,NA,NA,NA,NA,NA,NA,23.7,19.9,17.1,14.9,14.4,17.6,18.8,16.8,14.7,12.8,2017-05-24 14:30:00,16.5,16.3,1,1,NA,NA,NA,NA,NA,NA,NA,NA
"531","2017-05-27",NA,NA,NA,NA,NA,NA,NA,NA,22.2,19.5,15.1,13,13.9,15.9,16,14.2,12.6,13.4,2017-05-27 16:30:00,13.7,13.5,1,0,NA,NA,NA,NA,NA,NA,NA,NA
"532","2017-05-28",NA,NA,NA,NA,NA,NA,NA,NA,22.7,20.3,17.5,16.1,13.7,16.6,17.2,15.3,14.9,13.2,2017-05-28 17:30:00,15.8,15.1,1,1,NA,NA,NA,NA,NA,NA,NA,NA
